epoca,competicao,jornada,data,local,adversario,golos_farense,golos_adversario,resultado,resultado_tipo
,Jogos Pioneiros 1913-1916,-,1913-12-01,Fora,Associação Académica Sporting Clube Farense,1,1,1-1,E
,Jogos Pioneiros 1913-1916,-,1914-10-04,Fora,Sporting Clube Olhanense,0,3,0-3,D
,Jogos Locais 1920,-,1920-07-04,Fora,Sporting Clube Louletano,0,0,0-0,E
,Jogos Locais 1920,-,1920-07-11,Fora,União Portimonense,2,4,2-4,D
,Jogos Locais 1920,-,1920-09-05,Fora,Misto de Faro,1,1,1-1,E
,Jogos Locais 1920,-,1920-09-30,Fora,Sporting Clube Louletano,1,2,1-2,D
,Jogos Locais 1922,-,1922-04-10,Fora,Sport Lisboa e Faro,1,1,1-1,E
,Jogos Locais 1923,-,1923-04-15,Fora,Carcavelinhos Futebol Clube,11,1,11-1,V
,Jogos Locais 1923,-,1923-04-16,Fora,Carcavelinhos,8,0,8-0,V
,Jogos Locais 1923,-,1923-04-17,Fora,Carcavelinhos,1,1,1-1,E
,Jogos Locais 1923,-,1923-04-29,Fora,Associação Académica de Coimbra,2,1,2-1,V
,Jogos Locais 1923,-,1923-05-01,Fora,Associação Académica de Coimbra,3,2,3-2,V
,Jogos Locais 1923,-,1923-05-02,Fora,Associação Académica de Coimbra,3,2,3-2,V
,Camp. II Div. ZD 1ªF G8 34/35,J3,1935-02-03,Fora,Lusit. Évora,2,2,2-2,E
,Camp. II Div. ZD 1ªF G8 34/35,J5,1935-02-17,Fora,Luso Beja,0,2,0-2,D
,Camp. II Div. ZD 1ªF G8 34/35,J6,1935-02-24,Fora,Lusitano VRSA,2,3,2-3,D
,Camp. II Div. ZD 1ªF G8 34/35,J9,1935-03-17,Fora,Olhanense,2,4,2-4,D
,II Div. ZD 1ªF Grupo 2 35/36,J1,1936-02-02,Fora,Juventude Évora,1,2,1-2,D
,II Div. ZD 1ªF Grupo 2 35/36,J3,1936-02-02,Fora,SL Beja,3,2,3-2,V
,II Div. ZD 1ªF Grupo 2 35/36,J7,1936-03-15,Fora,Portimonense,0,2,0-2,D
,II Div. ZD 1ªF Grupo 2 35/36,J9,1936-03-29,Fora,Olhanense,2,4,2-4,D
,Campeonato II Divisão 1ªF S10 36/37,J1,1937-02-07,Fora,Portimonense,4,1,4-1,V
,Campeonato II Divisão 1ªF S10 36/37,J5,1937-03-07,Fora,Nacional Silves,5,2,5-2,V
,Campeonato II Divisão 1ªF S10 36/37,J6,1937-03-14,Fora,Olhanense,1,5,1-5,D
,Campeonato II Divisão 1ªF S10 36/37,J7,s/d,Fora,Luso Beja,1,2,1-2,D
,Campeonato II Divisão 1ªF S10 36/37,J10,s/d,Fora,Olhanense,0,0,0-0,E
,Taça de Portugal 1938/1939,1/8,1939-05-14,Fora,Sporting,0,7,0-7,D
1939/1940,Taça de Portugal 1939/1940,1/8,1940-06-02,Fora,Sporting,0,9,0-9,D
1939/1940,II Divisão Série Algarve 1939/1940,J3,s/d,Fora,Olhanense,1,2,1-2,D
1939/1940,II Divisão Algarve 1940/41,J1,1940-01-19,Fora,Faro e Benfica,0,3,0-3,D
1939/1940,II Divisão Algarve 1940/41,J5,1940-01-19,Fora,Lusitano VRSA,0,6,0-6,D
1939/1940,II Divisão Algarve 1940/41,J6,1940-01-19,Fora,Olhanense,1,2,1-2,D
1939/1940,II Divisão Grupo D Série 11 1941/42,J1,1942-02-08,Fora,Faro e Benfica,0,0,0-0,E
1939/1940,II Divisão Grupo D Série 11 1941/42,J3,1942-03-01,Fora,Lusitano VRSA,3,0,3-0,V
1939/1940,II Divisão Grupo D Série 11 1941/42,J5,1942-04-05,Fora,Olhanense Reservas,1,0,1-0,V
1939/1940,II Divisão Grupo D Série 13 1942/43,J2,1943-10-01,Fora,Louletano,5,1,5-1,V
1939/1940,II Divisão Grupo D Série 13 1942/43,J5,1943-10-01,Fora,Glória FC,1,1,1-1,E
1939/1940,II Divisão Grupo D Série 13 1942/43,J6,1943-10-01,Fora,Lusitano VRSA,1,1,1-1,E
1939/1940,II Divisão Grupo D Série 13 1942/43,J8,1943-10-01,Fora,Faro e Benfica,1,0,1-0,V
1939/1940,II Divisão Grupo D Série 13 1942/43,J9,1943-10-01,Fora,Olhanense Reservas,0,1,0-1,D
1939/1940,II Divisão Fase Final 1943/44,QF,1944-04-09,Fora,Luso Beja,0,1,0-1,D
1939/1940,II Divisão Grupo D Série 13 Sub -Série 3 1943/44,J1,1943-12-12,Fora,Louletano,3,0,3-0,V
1939/1940,II Divisão Grupo D Série 13 Sub -Série 3 1943/44,J4,1943-12-12,Fora,Lusitano VRSA,2,5,2-5,D
1939/1940,II Divisão Grupo D Série 13 Sub -Série 3 1943/44,J7,1943-12-12,Fora,Faro e Benfica,5,0,5-0,V
1939/1940,II Divisão Grupo D Série 13 Sub -Série 3 1943/44,J10,1943-12-12,Fora,Glória FC,2,3,2-3,D
1939/1940,II Divisão Grupo D Série 16 1944/45,J2,N/D,Fora,Portimonense,0,0,0-0,E
1939/1940,II Divisão Grupo D Série 16 1944/45,J4,N/D,Fora,Louletano,1,0,1-0,V
1939/1940,II Divisão Grupo D Série 16 1944/45,J6,N/D,Fora,Lusitano VRSA,2,4,2-4,D
1939/1940,II Divisão Grupo D Série 16 1945/46,J1,1946-01-06,Fora,Portimonense,1,2,1-2,D
1939/1940,II Divisão Grupo D Série 16 1945/46,J5,1946-01-06,Fora,Faro e Benfica,2,1,2-1,V
1939/1940,II Divisão Grupo D Série 16 1945/46,J7,1946-01-06,Fora,Boa Esperança Portimonense,2,1,2-1,V
1939/1940,II Divisão Grupo D Série 16 1945/46,J9,1946-01-06,Fora,Lusitano VRSA,0,4,0-4,D
1939/1940,II Divisão Grupo D Série 16 1946/47,J1,1947-01-06,Fora,Boa Esperança Portimonense,3,2,3-2,V
1939/1940,II Divisão Grupo D Série 16 1946/47,J7,1947-01-06,Fora,Portimonense,0,5,0-5,D
1939/1940,II Divisão Grupo D Série 16 1946/47,J9,1947-01-06,Fora,Lusitano VRSA,2,7,2-7,D
1939/1940,Taça de Portugal 1947/1948,1/16,1948-06-06,Fora,O Elvas,0,13,0-13,D
1939/1940,III Divisão Jogos de Passagem Divisão 1947/48,-,1948-05-30,Fora,Lusit. Évora,2,0,2-0,V
1939/1940,II Divisão Zona D 1948/49,J1,1948-09-01,Fora,Campomaiorense,5,0,5-0,V
1939/1940,II Divisão Zona D 1948/49,J1,1948-09-01,Fora,Desp. Beja,1,4,1-4,D
1939/1940,II Divisão Zona D 1948/49,J1,1948-09-01,Fora,Boa Esperança Portimonense,2,2,2-2,E
1939/1940,II Divisão Zona D 1948/49,J1,1948-09-01,Fora,GD Portalegrense,3,1,3-1,V
1939/1940,II Divisão Zona D 1948/49,J1,1948-09-01,Fora,Portimonense,0,4,0-4,D
1939/1940,II Divisão Zona D 1948/49,J1,1948-09-01,Fora,Moura,3,1,3-1,V
1939/1940,II Divisão Zona D 1948/49,J1,1948-10-03,Fora,Grupo União Sport,3,2,3-2,V
1939/1940,II Divisão II Fase Zona D 1949/50,J1,1950-02-12,Fora,Portimonense,1,2,1-2,D
1939/1940,II Divisão II Fase Zona D 1949/50,J1,1950-02-19,Fora,Grupo União Sport,1,2,1-2,D
1939/1940,II Divisão II Fase Zona D 1949/50,J1,1950-02-26,Fora,GD Portalegrense,2,3,2-3,D
1939/1940,II Divisão Zona D Série 8 1949/50,J1,1949-10-09,Fora,Boa Esperança Portimonense,4,2,4-2,V
1939/1940,II Divisão Zona D Série 8 1949/50,J1,1949-12-04,Fora,Faro e Benfica,10,0,10-0,V
1939/1940,II Divisão Zona D Série 8 1949/50,J1,1949-12-11,Fora,Desp. Beja,2,1,2-1,V
1939/1940,II Divisão Zona D Série 8 1949/50,J1,1949-12-18,Fora,Moura,2,1,2-1,V
1939/1940,II Divisão Zona D Série 8 1949/50,J1,1950-01-01,Fora,Portimonense,1,0,1-0,V
1939/1940,II Divisão Zona D Série 8 1949/50,J1,1950-01-08,Fora,Silves,2,1,2-1,V
1939/1940,II Divisão Zona D Série 8 1949/50,J1,1950-01-15,Fora,Aljustrelense,6,1,6-1,V
1939/1940,II Divisão Zona D 1950/51,J1,1950-09-01,Fora,Campomaiorense,0,3,0-3,D
1939/1940,II Divisão Zona D 1950/51,J1,1950-09-01,Fora,Desp. Beja,1,2,1-2,D
1939/1940,II Divisão Zona D 1950/51,J1,1950-09-01,Fora,Portimonense,0,5,0-5,D
1939/1940,II Divisão Zona D 1950/51,J1,1950-09-01,Fora,Grupo União Sport,1,2,1-2,D
1939/1940,II Divisão Zona D 1950/51,J1,1950-09-01,Fora,Aljustrelense,2,3,2-3,D
1939/1940,II Divisão Zona D 1950/51,J1,1951-01-14,Fora,Lusit. Évora,2,7,2-7,D
1939/1940,II Divisão Zona D 1950/51,J1,1951-01-28,Fora,O Elvas,0,3,0-3,D
1939/1940,II Divisão Grupo Sul Zona D 51/52,J2,1951-09-01,Fora,O Elvas,0,2,0-2,D
1939/1940,II Divisão Grupo Sul Zona D 51/52,J4,1951-09-01,Fora,GD Portalegrense,1,4,1-4,D
1939/1940,II Divisão Grupo Sul Zona D 51/52,J6,1951-09-01,Fora,Portimonense,2,0,2-0,V
1939/1940,II Divisão Grupo Sul Zona D 51/52,J8,1951-09-01,Fora,São Domingos Mértola,4,1,4-1,V
1939/1940,II Divisão Grupo Sul Zona D 51/52,J10,1951-09-01,Fora,Desp. Beja,0,3,0-3,D
1939/1940,II Divisão Grupo Sul Zona D 51/52,J12,1951-09-01,Fora,Grupo União Sport,0,2,0-2,D
1939/1940,II Divisão Grupo Sul Zona D 51/52,J14,1952-01-13,Fora,Lusit. Évora,0,1,0-1,D
1939/1940,II Divisão Grupo Sul Zona D 51/52,J16,1951-09-01,Fora,Olhanense,2,1,2-1,V
1939/1940,II Divisão Grupo Sul Zona D 51/52,J18,1951-09-01,Fora,Juventude Évora,1,4,1-4,D
1939/1940,III Divisão Fase Final 1952/53,QF,1953-05-01,Fora,Est. Portalegre,2,4,2-4,D
1939/1940,III Divisão Fase Final 1952/53,MF,1953-05-21,Fora,Operário Lisboa,1,5,1-5,D
1939/1940,III Divisão Grupo Sul Zona D Série 7 52/53,D,1952-09-01,Fora,Moura,1,2,1-2,D
1939/1940,III Divisão Grupo Sul Zona D Série 7 52/53,D,1952-09-01,Fora,Despertar SC,1,2,1-2,D
1939/1940,III Divisão Grupo Sul Zona D Série 7 52/53,-,1952-09-01,Fora,Esp. Lagos,8,3,8-3,V
1939/1940,III Divisão Grupo Sul Zona D Série 7 52/53,-,1952-09-01,Fora,Silves,1,1,1-1,E
1939/1940,III Divisão Grupo Sul Zona D Série 7 52/53,-,1952-09-01,Fora,Aljustrelense,1,1,1-1,E
1939/1940,II Divisão Zona C 1953/1954,J4,1953-10-11,Fora,Grupo União Sport,0,5,0-5,D
1939/1940,II Divisão Zona C 1953/1954,J5,1953-10-18,Fora,CUF,2,6,2-6,D
1939/1940,II Divisão Zona C 1953/1954,J7,1953-11-01,Fora,São Domingos Mértola,1,0,1-0,V
1939/1940,II Divisão Zona C 1953/1954,J9,1953-11-15,Fora,Portimonense,1,1,1-1,E
1939/1940,II Divisão Zona C 1953/1954,J11,1953-12-06,Fora,Almada AC,1,6,1-6,D
1939/1940,II Divisão Zona C 1953/1954,J12,1953-12-13,Fora,Lusitano VRSA,0,1,0-1,D
1939/1940,II Divisão Zona C 1953/1954,J19,1954-02-07,Fora,Juventude Évora,0,1,0-1,D
1939/1940,Taça de Portugal 1954/1955,MF,1955-06-05,Fora,Sporting,1,4,1-4,D
1939/1940,II Divisão Zona Sul 1954/1955,J2,1954-09-12,Fora,Grupo União Sport,1,1,1-1,E
1939/1940,II Divisão Zona Sul 1954/1955,J4,1954-09-26,Fora,Arroios,3,1,3-1,V
1939/1940,II Divisão Zona Sul 1954/1955,J5,1954-10-03,Fora,Juventude Évora,3,1,3-1,V
1939/1940,II Divisão Zona Sul 1954/1955,J7,1954-10-17,Fora,Coruchense,0,0,0-0,E
1939/1940,II Divisão Zona Sul 1954/1955,J9,-,Fora,Portimonense,1,2,1-2,D
1939/1940,II Divisão Zona Sul 1954/1955,J11,1954-11-14,Fora,Olhanense,3,0,3-0,V
1939/1940,II Divisão Zona Sul 1954/1955,J16,-,Fora,Oriental,2,3,2-3,D
1939/1940,II Divisão Zona Sul 1954/1955,J17,-,Fora,Arroios,2,1,2-1,V
1939/1940,II Divisão Zona Sul 1954/1955,J18,-,Fora,Juventude Évora,1,1,1-1,E
1939/1940,II Divisão Zona Sul 1954/1955,J19,-,Fora,Estoril Praia,0,3,0-3,D
1939/1940,II Divisão Zona Sul 1954/1955,J21,-,Fora,Montijo,1,4,1-4,D
1939/1940,II Divisão Zona Sul 1954/1955,J23,-,Fora,Desp. Beja,0,1,0-1,D
1939/1940,II Divisão Zona Sul 1955/1956,J3,1955-09-18,Fora,Desp. Beja,2,2,2-2,E
1939/1940,II Divisão Zona Sul 1955/1956,J5,1955-10-02,Fora,Juventude Évora,2,0,2-0,V
1939/1940,II Divisão Zona Sul 1955/1956,J7,1956-10-16,Fora,Olhanense,0,2,0-2,D
1939/1940,II Divisão Zona Sul 1955/1956,J9,1955-10-30,Fora,Coruchense,2,5,2-5,D
1939/1940,II Divisão Zona Sul 1955/1956,J11,1955-11-13,Fora,GD Portalegrense,0,4,0-4,D
1939/1940,II Divisão Zona Sul 1955/1956,J13,1955-11-27,Fora,Montijo,0,1,0-1,D
1939/1940,II Divisão Fase Final 1956/1957,J3,1957-03-03,Fora,SC Braga 5-2 D J1 - Fora SC Salgueiros,1,5,1-5,D
1939/1940,II Divisão Fase Final 1956/1957,J5,1957-03-31,Fora,Vitória SC,0,3,0-3,D
1939/1940,II Divisão Zona Sul 1956/57,J2,1956-09-09,Fora,Almada AC,2,2,2-2,E
1939/1940,II Divisão Zona Sul 1956/57,J3,1956-09-16,Fora,Estoril Praia,1,1,1-1,E
1939/1940,II Divisão Zona Sul 1956/57,J5,1956-09-30,Fora,Desp. Beja,1,0,1-0,V
1939/1940,II Divisão Zona Sul 1956/57,J7,1956-10-14,Fora,Montijo,2,4,2-4,D
1939/1940,II Divisão Zona Sul 1956/57,J9,1956-10-28,Fora,Olhanense,2,0,2-0,V
1939/1940,II Divisão Zona Sul 1956/57,J11,1956-11-11,Fora,Portimonense,4,1,4-1,V
1939/1940,II Divisão Zona Sul 1956/57,J13,1956-11-25,Fora,SL Olivais,2,0,2-0,V
1939/1940,II Divisão Zona Sul 1956/57,J14,1956-12-02,Fora,Juventude Évora,3,2,3-2,V
1939/1940,II Divisão Fase Final 1957/58,D,1958-03-09,Fora,Vitória SC 3-1 D - Fora Olhanense,1,2,1-2,D
1939/1940,II Divisão Fase Final 1957/58,-,1958-05-18,Fora,Boavista,2,0,2-0,V
1939/1940,II Divisão ZS 57/58,J2,1957-09-15,Fora,Olhanense,0,2,0-2,D
1939/1940,II Divisão ZS 57/58,J4,1957-09-29,Fora,Serpa,3,0,3-0,V
1939/1940,II Divisão ZS 57/58,J6,1957-10-13,Fora,Arroios,2,1,2-1,V
1939/1940,II Divisão ZS 57/58,J8,1957-10-27,Fora,GD Portalegrense,1,0,1-0,V
1939/1940,II Divisão ZS 57/58,J9,1957-11-03,Fora,Desp. Beja,1,3,1-3,D
1939/1940,II Divisão ZS 57/58,J11,1957-11-17,Fora,Juventude Évora,1,2,1-2,D
1939/1940,II Divisão ZS 57/58,J13,1957-12-01,Fora,Coruchense,2,1,2-1,V
1939/1940,II Divisão ZS 57/58,J14,1957-12-08,Fora,Montijo,1,0,1-0,V
1939/1940,Liguilha I/II Div. 58/59,J2,1959-04-12,Fora,Barreirense,1,3,1-3,D
1939/1940,Liguilha I/II Div. 58/59,J4,1959-05-03,Fora,Boavista,0,6,0-6,D
1939/1940,Liguilha I/II Div. 58/59,J6,1959-05-24,Fora,SC Salgueiros,0,2,0-2,D
1939/1940,Liguilha I/II Div. 58/59,J8,1959-06-21,Fora,Olhanense,1,3,1-3,D
1939/1940,Liguilha I/II Div. 58/59,J10,1959-07-05,Fora,CUF,1,3,1-3,D
1939/1940,II Divisão Zona Sul 1958/59,J3,1958-09-21,Fora,Portimonense,1,2,1-2,D
1939/1940,II Divisão Zona Sul 1958/59,J5,1958-10-05,Fora,Serpa,5,3,5-3,V
1939/1940,II Divisão Zona Sul 1958/59,J7,1958-10-19,Fora,Oriental,0,1,0-1,D
1939/1940,II Divisão Zona Sul 1958/59,J10,1958-11-09,Fora,Sacavenense,1,2,1-2,D
1939/1940,II Divisão Zona Sul 1958/59,J12,1958-11-23,Fora,Desp. Beja,1,1,1-1,E
1939/1940,II Divisão Zona Sul 1958/59,J15,1958-12-14,Fora,Olhanense,1,1,1-1,E
1939/1940,II Divisão Zona Sul 1958/59,J21,1958-09-07,Fora,Estoril Praia 1-0 D J1 - Fora Atlético CP,1,3,1-3,D
1939/1940,II Divisão ZS 59/60,J3,1959-10-04,Fora,Estoril Praia,4,1,4-1,V
1939/1940,II Divisão ZS 59/60,J5,1959-10-18,Fora,Portimonense,1,2,1-2,D
1939/1940,II Divisão ZS 59/60,J7,1959-11-01,Fora,Desp. Beja,2,0,2-0,V
1939/1940,II Divisão ZS 59/60,J9,1959-11-22,Fora,Lusitano VRSA,1,1,1-1,E
1939/1940,II Divisão ZS 59/60,J11,1959-12-13,Fora,Barreirense,0,1,0-1,D
1939/1940,II Divisão ZS 59/60,J12,1959-12-20,Fora,Olhanense,0,1,0-1,D
1939/1940,II Divisão ZS 59/60,J26,1960-05-29,Fora,Almada AC,2,3,2-3,D
1939/1940,Taça de Portugal 1959/1960,1/32,1959-12-27,Fora,Peniche,2,3,2-3,D
1939/1940,Taça de Portugal 1959/1960,1/8,1960-03-27,Fora,Sporting,0,6,0-6,D
1939/1940,Liguilha I/II Divisão 1960/61,J1,1961-06-11,Fora,Lusit. Évora 2-1 D J2 1961 -06-04 00:00 Casa SC Salgueiros,3,1,3-1,V
1939/1940,Liguilha I/II Divisão 1960/61,J4,1961-06-25,Fora,SC Salgueiros,1,3,1-3,D
1939/1940,Liguilha I/II Divisão 1960/61,J6,1961-07-09,Fora,UD Oliveirense,0,2,0-2,D
1939/1940,Taça de Portugal 1960/1961,1/32,1961-01-29,Fora,Marinhense,1,2,1-2,D
1939/1940,Taça de Portugal 1960/1961,1/16,1961-03-26,Fora,Sacavenense,1,3,1-3,D
1939/1940,II Divisão Zona Sul 1961/62,J3,1961-10-15,Fora,CD Cova Piedade,0,3,0-3,D
1939/1940,II Divisão Zona Sul 1961/62,J5,1961-11-05,Fora,SL Olivais,2,1,2-1,V
1939/1940,II Divisão Zona Sul 1961/62,J9,1961-12-10,Fora,Lusitano VRSA,1,2,1-2,D
1939/1940,II Divisão Zona Sul 1961/62,J15,1961-09-24,Fora,Desp. Beja 1-4 V J1 - Fora Portimonense,2,1,2-1,V
1939/1940,II Divisão Zona Sul 1961/62,J25,1962-05-20,Fora,Vitória FC,0,3,0-3,D
1939/1940,Taça de Portugal 1961/1962,1/32,1961-11-26,Fora,Boavista,2,3,2-3,D
1939/1940,Taça de Portugal 1961/1962,1/16,1962-01-28,Fora,Académica OAF,1,3,1-3,D
1939/1940,II Divisão Zona Sul 62/63,J2,1962-10-28,Fora,Silves,4,1,4-1,V
1939/1940,II Divisão Zona Sul 62/63,J3,1962-11-11,Fora,Torreense,0,1,0-1,D
1939/1940,II Divisão Zona Sul 62/63,J5,1962-11-25,Fora,Luso FC,1,2,1-2,D
1939/1940,II Divisão Zona Sul 62/63,J7,1962-12-09,Fora,Oriental,3,1,3-1,V
1939/1940,II Divisão Zona Sul 62/63,J9,1962-12-30,Fora,Sacavenense,0,4,0-4,D
1939/1940,II Divisão Zona Sul 62/63,J13,1963-01-27,Fora,Montijo,1,2,1-2,D
1939/1940,II Divisão Zona Sul 62/63,J14,1963-02-03,Fora,CD Cova Piedade,0,2,0-2,D
1939/1940,II Divisão Zona Sul 62/63,J17,1963-02-24,Fora,Peniche,2,2,2-2,E
1939/1940,II Divisão Zona Sul 62/63,J19,1963-03-10,Fora,GD Portalegrense,0,3,0-3,D
1939/1940,II Divisão Zona Sul 62/63,J21,1963-03-24,Fora,Portimonense,0,3,0-3,D
1939/1940,II Divisão Zona Sul 62/63,J23,1963-04-07,Fora,Seixal FC,2,5,2-5,D
1939/1940,II Divisão Zona Sul 62/63,J25,1963-05-05,Fora,Lusitano VRSA,1,4,1-4,D
1939/1940,Taça de Portugal 1962/1963,1/32,1962-09-23,Fora,Beira -Mar,2,4,2-4,D
1939/1940,II Divisão Zona Sul 63/64,J2,1963-10-27,Fora,Montijo,2,6,2-6,D
1939/1940,II Divisão Zona Sul 63/64,J4,1963-11-10,Fora,Portimonense,1,0,1-0,V
1939/1940,II Divisão Zona Sul 63/64,J6,1963-11-24,Fora,CD Cova Piedade,0,0,0-0,E
1939/1940,II Divisão Zona Sul 63/64,J8,1963-12-08,Fora,Oriental,0,1,0-1,D
1939/1940,II Divisão Zona Sul 63/64,J10,1963-12-22,Fora,Alhandra,1,3,1-3,D
1939/1940,II Divisão Zona Sul 63/64,J12,1964-01-05,Fora,Leões Santarém,1,2,1-2,D
1939/1940,II Divisão Zona Sul 63/64,J14,1964-01-19,Fora,Sacavenense,0,2,0-2,D
1939/1940,II Divisão Zona Sul 63/64,J16,1964-02-02,Fora,Luso FC,1,1,1-1,E
1939/1940,II Divisão Zona Sul 63/64,J18,1964-02-16,Fora,Atlético CP,3,3,3-3,E
1939/1940,II Divisão Zona Sul 63/64,J20,1964-03-01,Fora,Peniche,1,4,1-4,D
1939/1940,II Divisão Zona Sul 63/64,J22,1964-03-15,Fora,Desp. Beja,0,3,0-3,D
1939/1940,II Divisão Zona Sul 63/64,J24,1964-04-05,Fora,Torreense,1,5,1-5,D
1939/1940,II Divisão Zona Sul 63/64,J26,1964-04-19,Fora,Lusitano VRSA,0,2,0-2,D
1939/1940,Taça de Portugal 1963/1964,1/32,1963-09-22,Fora,UD Oliveirense,1,1,1-1,E
1939/1940,Taça de Portugal 1963/1964,1/16,1963-10-06,Fora,SC Salgueiros,1,4,1-4,D
1939/1940,II Divisão Zona Sul 64/65,J2,1964-10-18,Fora,Alhandra,1,5,1-5,D
1939/1940,II Divisão Zona Sul 64/65,J4,1964-11-01,Fora,Olhanense,1,2,1-2,D
1939/1940,II Divisão Zona Sul 64/65,J6,1964-11-22,Fora,Luso FC,1,2,1-2,D
1939/1940,II Divisão Zona Sul 64/65,J8,1964-12-06,Fora,Leões Santarém,0,1,0-1,D
1939/1940,II Divisão Zona Sul 64/65,J10,1964-12-20,Fora,Almada AC,1,1,1-1,E
1939/1940,II Divisão Zona Sul 64/65,J11,1964-12-27,Fora,Montijo,1,3,1-3,D
1939/1940,II Divisão Zona Sul 64/65,J13,1965-01-10,Fora,Desp. Beja,1,0,1-0,V
1939/1940,II Divisão Zona Sul 64/65,J14,1965-01-17,Fora,Portimonense,0,2,0-2,D
1939/1940,II Divisão Zona Sul 64/65,J16,1965-02-07,Fora,CD Cova Piedade,1,8,1-8,D
1939/1940,II Divisão Zona Sul 64/65,J18,1965-02-21,Fora,Sintrense,1,5,1-5,D
1939/1940,II Divisão Zona Sul 64/65,J20,1965-03-07,Fora,Barreirense,0,4,0-4,D
1939/1940,II Divisão Zona Sul 64/65,J22,1965-03-21,Fora,Atlético CP,1,3,1-3,D
1939/1940,II Divisão Zona Sul 64/65,J25,1965-04-25,Fora,Oriental,1,1,1-1,E
1939/1940,Taça de Portugal 1964/1965,1/32,1964-09-13,Fora,CD Cova Piedade,1,2,1-2,D
1939/1940,Taça de Portugal 1964/1965,1/16,1964-10-04,Fora,AD Sanjoanense,0,3,0-3,D
1939/1940,III Divisão Zona D Série 8 65/66,J1,1965-09-01,Fora,SC Santaclarense,4,1,4-1,V
1939/1940,III Divisão Zona D Série 8 65/66,J1,1965-09-01,Fora,Est. Portalegre,3,2,3-2,V
1939/1940,III Divisão Zona D Série 8 65/66,J1,1965-09-01,Fora,Serpa,2,3,2-3,D
1939/1940,III Divisão Zona D Série 8 65/66,J1,1965-09-01,Fora,Juventude Évora,0,1,0-1,D
1939/1940,III Divisão Zona D Série 8 65/66,J1,1965-09-01,Fora,Moura,0,1,0-1,D
1939/1940,III Divisão Fase Final 1966/67,QF,1967-05-01,Fora,Sesimbra,0,1,0-1,D
1939/1940,III Divisão Fase Final 1966/67,QF,1967-05-01,Fora,Sesimbra,0,2,0-2,D
1939/1940,III Divisão Zona Sul Série 8 66/67,J1,1966-09-01,Fora,Grupo União Sport,1,0,1-0,V
1939/1940,III Divisão Zona Sul Série 8 66/67,J1,1966-09-01,Fora,Desp. Beja,0,0,0-0,E
1939/1940,III Divisão Zona Sul Série 8 66/67,J1,1966-09-01,Fora,Juventude Évora,2,2,2-2,E
1939/1940,III Divisão Zona Sul Série 8 66/67,J1,1966-09-01,Fora,Lusitano VRSA,1,1,1-1,E
1939/1940,III Divisão Zona Sul Série 8 66/67,J1,1966-09-01,Fora,Aljustrelense,1,0,1-0,V
1939/1940,III Divisão Fase Final 1967/68,QF,1968-05-01,Fora,Seixal FC,1,2,1-2,D
1939/1940,III Divisão Zona D Série 8 67/68,J1,1967-09-01,Fora,Aljustrelense,2,1,2-1,V
1939/1940,III Divisão Zona D Série 8 67/68,J1,1967-09-01,Fora,Desp. Beja,1,0,1-0,V
1939/1940,III Divisão Zona D Série 8 67/68,J1,1967-09-01,Fora,Vasco da Gama Sines,1,1,1-1,E
1939/1940,III Divisão Zona D Série 8 67/68,J1,1967-09-01,Fora,Lusitano VRSA,0,2,0-2,D
1939/1940,III Divisão Zona D Série 8 67/68,J1,1967-09-01,Fora,Faro e Benfica,7,0,7-0,V
1939/1940,III Divisão Fase Final 1968/69,MF,1969-05-01,Fora,Marinhense,0,0,0-0,E
1939/1940,III Divisão Fase Final 1968/69,F,1969-05-22,Fora,U. Lamas,0,1,0-1,D
1939/1940,III Divisão Zona D 68/69,J1,1968-09-01,Fora,Juventude Évora,4,0,4-0,V
1939/1940,III Divisão Zona D 68/69,J1,1968-09-01,Fora,Faro e Benfica,4,0,4-0,V
1939/1940,III Divisão Zona D 68/69,J1,1968-09-01,Fora,Desp. Beja,2,1,2-1,V
1939/1940,III Divisão Zona D 68/69,J1,1968-09-01,Fora,Lusitano VRSA,1,0,1-0,V
1939/1940,III Divisão Zona D 68/69,J1,1968-09-01,Fora,Grupo União Sport,2,1,2-1,V
1939/1940,III Divisão Zona D 68/69,J1,1968-09-01,Fora,Aljustrelense,1,0,1-0,V
1939/1940,III Divisão Zona D 68/69,J1,1968-09-01,Fora,CD Cova Piedade,1,0,1-0,V
1939/1940,III Divisão Zona D 68/69,J1,1968-09-01,Fora,Olhanense,0,1,0-1,D
1939/1940,III Divisão Zona D 68/69,J1,1968-09-01,Fora,Desp. Grandolense,1,2,1-2,D
1939/1940,III Divisão Zona D 68/69,J1,1968-09-01,Fora,Vasco da Gama Sines,2,2,2-2,E
1939/1940,III Divisão Zona D 68/69,J1,1969-02-16,Fora,1º de Maio Sarilhense,8,0,8-0,V
1939/1940,Taça de Portugal 1968/1969,1/32,1969-02-09,Fora,Académica OAF,0,2,0-2,D
1939/1940,II Divisão Zona Sul 1969/1970,J1,1969-09-07,Fora,Sesimbra,2,2,2-2,E
1939/1940,II Divisão Zona Sul 1969/1970,J3,1969-09-21,Fora,Torreense,2,5,2-5,D
1939/1940,II Divisão Zona Sul 1969/1970,J5,1969-10-19,Fora,Atlético CP,0,0,0-0,E
1939/1940,II Divisão Zona Sul 1969/1970,J8,1969-11-16,Fora,Seixal FC,0,0,0-0,E
1939/1940,II Divisão Zona Sul 1969/1970,J10,1969-11-30,Fora,Peniche,0,1,0-1,D
1939/1940,II Divisão Zona Sul 1969/1970,J12,1969-12-21,Fora,Oriental,2,0,2-0,V
1939/1940,II Divisão Zona Sul 1969/1970,J14,-,Fora,Sesimbra,0,1,0-1,D
1939/1940,II Divisão Zona Sul 1969/1970,J15,-,Fora,Montijo,0,3,0-3,D
1939/1940,II Divisão Zona Sul 1969/1970,J17,-,Fora,Luso FC,2,3,2-3,D
1939/1940,II Divisão Zona Sul 1969/1970,J18,-,Fora,Atlético CP,0,0,0-0,E
1939/1940,II Divisão Zona Sul 1969/1970,J19,1970-02-22,Fora,Lusit. Évora,1,0,1-0,V
1939/1940,II Divisão Zona Sul 1969/1970,J20,1970-03-01,Fora,U. Santarém,1,0,1-0,V
1939/1940,II Divisão Zona Sul 1969/1970,J21,-,Fora,Seixal FC,1,1,1-1,E
1939/1940,II Divisão Zona Sul 1969/1970,J22,-,Fora,Portimonense,3,0,3-0,V
1939/1940,II Divisão Zona Sul 1969/1970,J23,-,Fora,Peniche,0,2,0-2,D
1939/1940,II Divisão Zona Sul 1969/1970,J24,-,Fora,Sintrense,1,1,1-1,E
1939/1940,II Divisão Zona Sul 1969/1970,J25,-,Fora,Oriental,0,0,0-0,E
1939/1940,II Divisão Zona Sul 1969/1970,J26,-,Fora,Tramagal,0,1,0-1,D
1939/1940,II Divisão Fase Final 1969/1970,F,1970-06-10,Fora,Tirsense,0,2,0-2,D
1939/1940,Taça de Portugal 1969/1970,1/32,1970-01-11,Fora,Nazarenos,1,3,1-3,D
1939/1940,Taça de Portugal 1970/1971,1/16,1971-05-16,Fora,U. Coimbra,0,2,0-2,D
1939/1940,I Divisão 1970/71,J2,1970-09-20,Fora,Varzim,0,1,0-1,D
1939/1940,I Divisão 1970/71,J4,1970-10-04,Fora,Académica OAF,1,3,1-3,D
1939/1940,I Divisão 1970/71,J6,1970-10-25,Fora,CUF,0,2,0-2,D
1939/1940,I Divisão 1970/71,J8,1970-11-08,Fora,Sporting,0,1,0-1,D
1939/1940,I Divisão 1970/71,J10,1970-11-21,Fora,Boavista,1,0,1-0,V
1939/1940,I Divisão 1970/71,J13,1970-12-13,Fora,Vitória FC,1,6,1-6,D
1939/1940,I Divisão 1970/71,J14,1970-12-20,Fora,FC Porto,0,3,0-3,D
1939/1940,I Divisão 1970/71,J16,1971-01-03,Fora,Belenenses,0,1,0-1,D
1939/1940,I Divisão 1970/71,J18,1971-01-31,Fora,Tirsense,0,2,0-2,D
1939/1940,I Divisão 1970/71,J20,1971-02-21,Fora,Barreirense,0,1,0-1,D
1939/1940,I Divisão 1970/71,J22,1971-03-21,Fora,Benfica,0,5,0-5,D
1939/1940,I Divisão 1970/71,J24,1971-04-04,Fora,Leixões,0,1,0-1,D
1939/1940,I Divisão 1970/71,J25,1971-04-25,Fora,Vitória SC,0,1,0-1,D
1939/1940,I Divisão 1971/72,J2,1971-09-19,Fora,Boavista,0,1,0-1,D
1939/1940,I Divisão 1971/72,J4,1971-10-03,Fora,Atlético CP,2,3,2-3,D
1939/1940,I Divisão 1971/72,J6,1971-10-24,Fora,Académica OAF,0,0,0-0,E
1939/1940,I Divisão 1971/72,J8,1971-11-07,Fora,Sporting,0,2,0-2,D
1939/1940,I Divisão 1971/72,J9,1971-11-28,Fora,Belenenses,1,2,1-2,D
1939/1940,I Divisão 1971/72,J11,1971-12-11,Fora,CUF,1,2,1-2,D
1939/1940,I Divisão 1971/72,J13,1971-12-26,Fora,Beira -Mar,1,1,1-1,E
1939/1940,I Divisão 1971/72,J15,1972-01-05,Fora,Benfica,0,2,0-2,D
1939/1940,I Divisão 1971/72,J16,1972-01-23,Fora,U. Tomar,0,0,0-0,E
1939/1940,I Divisão 1971/72,J18,1972-02-06,Fora,Barreirense,1,3,1-3,D
1939/1940,I Divisão 1971/72,J20,1972-02-20,Fora,Leixões,0,1,0-1,D
1939/1940,I Divisão 1971/72,J25,1972-04-09,Fora,FC Porto,0,2,0-2,D
1939/1940,I Divisão 1971/72,J27,1972-05-07,Fora,Vitória FC,0,4,0-4,D
1939/1940,I Divisão 1971/72,J29,1972-05-21,Fora,Tirsense,0,2,0-2,D
1939/1940,Taça de Portugal 1971/1972,1/16,1972-03-05,Fora,U. Tomar,3,0,3-0,V
1939/1940,Taça de Portugal 1971/1972,1/8,1972-04-02,Fora,FC Porto,1,3,1-3,D
1939/1940,I Divisão 1972/73,J2,1972-09-17,Fora,U. Coimbra,0,1,0-1,D
1939/1940,I Divisão 1972/73,J4,1972-10-01,Fora,Barreirense,1,4,1-4,D
1939/1940,I Divisão 1972/73,J6,1972-10-15,Fora,Vitória FC,0,5,0-5,D
1939/1940,I Divisão 1972/73,J8,1972-10-29,Fora,U. Tomar,1,3,1-3,D
1939/1940,I Divisão 1972/73,J9,1972-11-05,Fora,CUF,1,1,1-1,E
1939/1940,I Divisão 1972/73,J11,1972-11-19,Fora,Benfica,0,3,0-3,D
1939/1940,I Divisão 1972/73,J13,1972-12-03,Fora,Montijo,0,2,0-2,D
1939/1940,I Divisão 1972/73,J15,1972-12-16,Fora,Boavista,0,2,0-2,D
1939/1940,I Divisão 1972/73,J16,1972-12-31,Fora,Beira -Mar,1,1,1-1,E
1939/1940,I Divisão 1972/73,J18,1973-01-14,Fora,Sporting,0,4,0-4,D
1939/1940,I Divisão 1972/73,J20,1973-01-28,Fora,Belenenses,0,0,0-0,E
1939/1940,I Divisão 1972/73,J22,1973-02-25,Fora,FC Porto,1,4,1-4,D
1939/1940,I Divisão 1972/73,J25,1973-04-15,Fora,Vitória SC,0,1,0-1,D
1939/1940,I Divisão 1972/73,J27,1973-05-13,Fora,Atlético CP,1,2,1-2,D
1939/1940,I Divisão 1972/73,J29,1973-06-03,Fora,Leixões,1,1,1-1,E
1939/1940,Taça de Portugal 1972/1973,1/8,1973-04-08,Fora,Montijo,1,0,1-0,V
1939/1940,Taça de Portugal 1973/1974,1/8,1974-04-27,Fora,Atlético CP,1,1,1-1,E
1939/1940,I Divisão 1973/74,J2,1973-09-16,Fora,Montijo,2,0,2-0,V
1939/1940,I Divisão 1973/74,J4,1973-09-30,Fora,Vitória SC,1,1,1-1,E
1939/1940,I Divisão 1973/74,J6,1973-10-20,Fora,Sporting,0,3,0-3,D
1939/1940,I Divisão 1973/74,J8,1973-11-04,Fora,Olhanense,0,1,0-1,D
1939/1940,I Divisão 1973/74,J10,1973-11-25,Fora,Vitória FC,0,1,0-1,D
1939/1940,I Divisão 1973/74,J12,1973-12-09,Fora,Leixões,0,0,0-0,E
1939/1940,I Divisão 1973/74,J14,1973-12-23,Fora,Oriental,0,1,0-1,D
1939/1940,I Divisão 1973/74,J16,1974-01-06,Fora,CUF,1,0,1-0,V
1939/1940,I Divisão 1973/74,J18,1974-01-20,Fora,FC Porto,0,1,0-1,D
1939/1940,I Divisão 1973/74,J20,1974-02-17,Fora,Benfica,0,1,0-1,D
1939/1940,I Divisão 1973/74,J22,1974-03-03,Fora,Académica OAF,0,1,0-1,D
1939/1940,I Divisão 1973/74,J24,1974-03-17,Fora,Barreirense,1,2,1-2,D
1939/1940,I Divisão 1973/74,J26,1974-03-31,Fora,Boavista,0,1,0-1,D
1939/1940,I Divisão 1973/74,J28,1974-05-05,Fora,Belenenses,1,3,1-3,D
1939/1940,I Divisão 1973/74,J30,1974-05-19,Fora,Beira -Mar,1,3,1-3,D
1939/1940,Taça de Portugal 1974/1975,1/8,1975-05-18,Fora,SC Braga,0,1,0-1,D
1939/1940,I Divisão 1974/75,J1,1974-09-08,Fora,U. Tomar,3,0,3-0,V
1939/1940,I Divisão 1974/75,J4,1974-09-29,Fora,Boavista,1,1,1-1,E
1939/1940,I Divisão 1974/75,J6,1974-10-13,Fora,CUF,0,1,0-1,D
1939/1940,I Divisão 1974/75,J8,1974-10-27,Fora,Sporting,0,3,0-3,D
1939/1940,I Divisão 1974/75,J10,1974-11-24,Fora,Olhanense,1,1,1-1,E
1939/1940,I Divisão 1974/75,J12,1974-12-08,Fora,FC Porto,0,2,0-2,D
1939/1940,I Divisão 1974/75,J14,1974-12-22,Fora,Vitória FC,2,1,2-1,V
1939/1940,I Divisão 1974/75,J17,1975-01-12,Fora,Benfica,0,4,0-4,D
1939/1940,I Divisão 1974/75,J18,1975-01-19,Fora,Leixões,0,3,0-3,D
1939/1940,I Divisão 1974/75,J20,1975-02-02,Fora,SC Espinho,0,1,0-1,D
1939/1940,I Divisão 1974/75,J22,1975-02-16,Fora,Oriental,1,1,1-1,E
1939/1940,I Divisão 1974/75,J24,1975-03-02,Fora,Belenenses,0,1,0-1,D
1939/1940,I Divisão 1974/75,J26,1975-03-23,Fora,Académica OAF,0,2,0-2,D
1939/1940,I Divisão 1974/75,J28,1975-04-13,Fora,Vitória SC,0,3,0-3,D
1939/1940,I Divisão 1974/75,J30,1975-05-11,Fora,Atlético CP,1,2,1-2,D
1939/1940,I Divisão 1975/76,J1,1975-09-07,Fora,Estoril Praia,0,2,0-2,D
1939/1940,I Divisão 1975/76,J3,1975-09-21,Fora,Vitória FC,1,3,1-3,D
1939/1940,I Divisão 1975/76,J5,1975-10-05,Fora,U. Tomar,2,2,2-2,E
1939/1940,I Divisão 1975/76,J7,1975-10-19,Fora,Belenenses,1,2,1-2,D
1939/1940,I Divisão 1975/76,J10,1975-11-23,Fora,CUF,0,1,0-1,D
1939/1940,I Divisão 1975/76,J12,1975-12-14,Fora,Boavista,0,3,0-3,D
1939/1940,I Divisão 1975/76,J14,1975-12-28,Fora,Beira -Mar,0,2,0-2,D
1939/1940,I Divisão 1975/76,J17,1976-01-18,Fora,Vitória SC,0,3,0-3,D
1939/1940,I Divisão 1975/76,J19,1976-02-01,Fora,FC Porto,1,6,1-6,D
1939/1940,I Divisão 1975/76,J21,1976-02-15,Fora,Académica OAF,0,4,0-4,D
1939/1940,I Divisão 1975/76,J23,1976-03-07,Fora,Benfica,0,3,0-3,D
1939/1940,I Divisão 1975/76,J24,1976-03-13,Fora,SC Braga,0,2,0-2,D
1939/1940,I Divisão 1975/76,J26,1976-04-03,Fora,Sporting,1,4,1-4,D
1939/1940,I Divisão 1975/76,J28,1976-05-09,Fora,Leixões,1,0,1-0,V
1939/1940,I Divisão 1975/76,J30,1976-05-30,Fora,Atlético CP,1,3,1-3,D
1939/1940,Taça de Portugal 1975/1976,5E,1976-03-28,Fora,Estoril Praia,1,4,1-4,D
1939/1940,Taça de Portugal 1976/1977,1E,1976-10-10,Fora,Olhanense,1,0,1-0,V
1939/1940,Taça de Portugal 1976/1977,1/32,1976-12-29,Fora,Viseu e Benfica,1,0,1-0,V
1939/1940,Taça de Portugal 1976/1977,1/16,1977-02-21,Fora,AD Sanjoanense,1,0,1-0,V
1939/1940,Taça de Portugal 1976/1977,1/8,1977-03-12,Fora,Paços de Ferreira,1,1,1-1,E
1939/1940,Taça de Portugal 1976/1977,QF,1977-04-09,Fora,Gil Vicente,0,2,0-2,D
1939/1940,II Divisão Zona Sul 76/77,J22,1976-09-12,Fora,Lusit. Évora 2-0 D J2 - Fora Almada AC,1,3,1-3,D
1939/1940,II Divisão Zona Sul 77/78,J9,1977-11-27,Fora,Amora FC,1,1,1-1,E
1939/1940,II Divisão Zona Sul 77/78,J18,1977-10-16,Fora,Lusit. Évora 1-2 V J4 - Fora Nacional,0,0,0-0,E
1939/1940,II Divisão Zona Sul 78/79,J28,1979-05-13,Fora,Amora FC,1,1,1-1,E
1939/1940,Taça de Portugal 1978/1979,1/64,1979-01-14,Fora,Mirandela,1,0,1-0,V
1939/1940,Taça de Portugal 1978/1979,1/32,1979-02-04,Fora,Belenenses,0,3,0-3,D
1939/1940,II Divisão Zona Sul 79/80,J12,1979-10-28,Fora,Amora FC 3-0 D J5 - Fora Seixal FC,0,0,0-0,E
1939/1940,II Divisão Zona Sul 79/80,J21,1980-04-20,Fora,Lusit. Évora,0,2,0-2,D
1939/1940,Taça de Portugal 1979/1980,1E,1979-10-06,Fora,Alcochetense,5,0,5-0,V
1939/1940,Taça de Portugal 1979/1980,1/32,1980-01-09,Fora,U. Santarém,0,0,0-0,E
1939/1940,Taça de Portugal 1979/1980,1/8,1980-02-16,Fora,Beira -Mar,0,2,0-2,D
1939/1940,II Divisão Zona Sul 80/81,J2,1980-09-14,Fora,GD Quimigal,1,2,1-2,D
1939/1940,II Divisão Zona Sul 80/81,J4,1980-10-04,Fora,Est. Amadora,1,2,1-2,D
1939/1940,II Divisão Zona Sul 80/81,J5,1980-10-12,Fora,Vasco da Gama Sines,1,1,1-1,E
1939/1940,II Divisão Zona Sul 80/81,J7,1980-11-02,Fora,CD Cova Piedade,0,0,0-0,E
1939/1940,II Divisão Zona Sul 80/81,J9,1980-11-16,Fora,Juventude Évora,0,2,0-2,D
1939/1940,II Divisão Zona Sul 80/81,J11,1980-12-08,Fora,Estoril Praia,1,1,1-1,E
1939/1940,II Divisão Zona Sul 80/81,J15,1981-01-18,Fora,Desp. Beja,0,0,0-0,E
1939/1940,II Divisão Zona Sul 80/81,J16,1981-01-25,Fora,Lusit. Évora,1,4,1-4,D
1939/1940,II Divisão Zona Sul 80/81,J18,1981-02-15,Fora,Oriental,0,1,0-1,D
1939/1940,II Divisão Zona Sul 80/81,J21,1981-03-14,Fora,Silves,1,1,1-1,E
1939/1940,II Divisão Zona Sul 80/81,J23,1981-04-05,Fora,Sacavenense,1,1,1-1,E
1939/1940,II Divisão Zona Sul 80/81,J25,1981-04-26,Fora,Nacional,0,1,0-1,D
1939/1940,II Divisão Zona Sul 80/81,J27,1981-05-10,Fora,Odivelas,1,1,1-1,E
1939/1940,II Divisão Zona Sul 80/81,J29,1981-05-24,Fora,Montijo,2,0,2-0,V
1939/1940,Taça de Portugal 1980/1981,1/128,1980-09-28,Fora,Machico,2,0,2-0,V
1939/1940,Liguilha I/II Divisão 1981/82,J2,1982-08-22,Fora,Académica OAF,1,2,1-2,D
1939/1940,Liguilha I/II Divisão 1981/82,J3,1982-06-16,Fora,FC Penafiel,0,3,0-3,D
1939/1940,Liguilha I/II Divisão 1981/82,J4,1982-08-29,Fora,SC Salgueiros,1,3,1-3,D
1939/1940,II Divisão Zona Sul 81/82,J1,1981-09-20,Fora,Vasco da Gama Sines,1,1,1-1,E
1939/1940,II Divisão Zona Sul 81/82,J3,1981-10-04,Fora,Nacional,0,0,0-0,E
1939/1940,II Divisão Zona Sul 81/82,J5,1981-10-18,Fora,Est. Amadora,1,1,1-1,E
1939/1940,II Divisão Zona Sul 81/82,J8,1981-11-14,Fora,Marítimo,2,1,2-1,V
1939/1940,II Divisão Zona Sul 81/82,J10,1981-12-13,Fora,Lusit. Évora,0,2,0-2,D
1939/1940,II Divisão Zona Sul 81/82,J12,1982-01-03,Fora,Lusitnia dos Açores,1,0,1-0,V
1939/1940,II Divisão Zona Sul 81/82,J14,1982-01-24,Fora,União Madeira,0,2,0-2,D
1939/1940,II Divisão Zona Sul 81/82,J17,1982-02-14,Fora,GD Quimigal,0,0,0-0,E
1939/1940,II Divisão Zona Sul 81/82,J19,1982-03-07,Fora,Esp. Lagos,2,0,2-0,V
1939/1940,II Divisão Zona Sul 81/82,J22,1982-04-04,Fora,CD Cova Piedade,0,1,0-1,D
1939/1940,II Divisão Zona Sul 81/82,J24,1982-04-25,Fora,Barreirense,1,0,1-0,V
1939/1940,II Divisão Zona Sul 81/82,J26,1982-05-09,Fora,Sacavenense,0,2,0-2,D
1939/1940,II Divisão Zona Sul 81/82,J28,1982-05-23,Fora,O Elvas,0,1,0-1,D
1939/1940,II Divisão Zona Sul 81/82,J30,1982-06-06,Fora,Montijo,2,2,2-2,E
1939/1940,Taça de Portugal 1981/1982,1/16,1982-01-10,Fora,Ginásio de Alcobaça,0,1,0-1,D
1939/1940,II Divisão Fase Final 1982/83,D,1983-06-19,Fora,FC Penafiel,1,2,1-2,D
1939/1940,II Divisão Fase Final 1982/83,-,1983-06-15,Fora,RD Águeda,2,0,2-0,V
1939/1940,II Divisão Zona Sul 82/83,J1,1982-09-19,Fora,GD Quimigal,1,0,1-0,V
1939/1940,II Divisão Zona Sul 82/83,J4,1982-10-17,Fora,Atlético CP,0,0,0-0,E
1939/1940,II Divisão Zona Sul 82/83,J6,1982-10-31,Fora,Juventude Évora,5,0,5-0,V
1939/1940,II Divisão Zona Sul 82/83,J8,1982-11-21,Fora,Sacavenense,1,0,1-0,V
1939/1940,II Divisão Zona Sul 82/83,J10,1982-12-05,Fora,Olhanense,2,0,2-0,V
1939/1940,II Divisão Zona Sul 82/83,J12,1982-12-31,Fora,Belenenses,0,1,0-1,D
1939/1940,II Divisão Zona Sul 82/83,J14,1983-01-16,Fora,Lusit. Évora,1,0,1-0,V
1939/1940,II Divisão Zona Sul 82/83,J17,1983-02-12,Fora,Sesimbra,3,0,3-0,V
1939/1940,II Divisão Zona Sul 82/83,J18,1983-02-27,Fora,Vasco da Gama Sines,2,1,2-1,V
1939/1940,II Divisão Zona Sul 82/83,J20,1983-03-12,Fora,União Madeira,3,0,3-0,V
1939/1940,II Divisão Zona Sul 82/83,J22,1983-03-26,Fora,Odivelas,2,2,2-2,E
1939/1940,II Divisão Zona Sul 82/83,J24,1983-04-17,Fora,Barreirense,2,2,2-2,E
1939/1940,II Divisão Zona Sul 82/83,J28,1983-05-22,Fora,Nacional,2,1,2-1,V
1939/1940,II Divisão Zona Sul 82/83,J30,1983-06-05,Fora,CD Cova Piedade,1,0,1-0,V
1939/1940,Taça de Portugal 1982/1983,1/16,1983-01-22,Fora,AR São Martinho,3,1,3-1,V
1939/1940,I Divisão 1983/84,J1,1983-08-28,Fora,Portimonense,2,2,2-2,E
1939/1940,I Divisão 1983/84,J3,1983-09-11,Fora,Rio Ave,0,1,0-1,D
1939/1940,I Divisão 1983/84,J5,1983-10-01,Fora,RD Águeda,1,1,1-1,E
1939/1940,I Divisão 1983/84,J7,1983-10-15,Fora,Benfica,2,6,2-6,D
1939/1940,I Divisão 1983/84,J10,1983-12-04,Fora,Varzim,0,2,0-2,D
1939/1940,I Divisão 1983/84,J12,1983-12-18,Fora,SC Salgueiros,0,1,0-1,D
1939/1940,I Divisão 1983/84,J14,1984-01-15,Fora,Vitória SC,1,2,1-2,D
1939/1940,I Divisão 1983/84,J17,1984-02-12,Fora,Vitória FC,1,1,1-1,E
1939/1940,I Divisão 1983/84,J19,1984-02-26,Fora,Estoril Praia,0,0,0-0,E
1939/1940,I Divisão 1983/84,J20,1984-03-11,Fora,SC Braga 1-0 D J21 1984 -03-04 00:00 Casa RD Águeda,1,0,1-0,V
1939/1940,I Divisão 1983/84,J23,1984-03-25,Fora,FC Porto,1,7,1-7,D
1939/1940,I Divisão 1983/84,J24,1984-03-31,Fora,FC Penafiel,0,0,0-0,E
1939/1940,I Divisão 1983/84,J26,1984-04-14,Fora,Boavista,0,3,0-3,D
1939/1940,I Divisão 1983/84,J28,1984-04-29,Fora,SC Espinho,2,5,2-5,D
1939/1940,I Divisão 1983/84,J30,1984-05-14,Fora,Sporting,0,4,0-4,D
1939/1940,Taça de Portugal 1983/1984,1/32,1983-12-01,Fora,CDR Alferrarede,1,0,1-0,V
1939/1940,Taça de Portugal 1983/1984,1/16,1983-12-31,Fora,Paços de Ferreira,1,3,1-3,D
1939/1940,I Divisão 1984/85,J1,1984-08-25,Fora,Varzim,0,0,0-0,E
1939/1940,I Divisão 1984/85,J3,1984-09-15,Fora,Sporting,0,2,0-2,D
1939/1940,I Divisão 1984/85,J5,1984-09-30,Fora,FC Vizela,0,0,0-0,E
1939/1940,I Divisão 1984/85,J7,1984-10-21,Fora,FC Porto,0,5,0-5,D
1939/1940,I Divisão 1984/85,J9,1984-11-03,Fora,Boavista,0,3,0-3,D
1939/1940,I Divisão 1984/85,J10,1984-11-25,Fora,Vitória FC 3-0 D J11 1984 -11-18 15:00 Casa Benfica,0,1,0-1,D
1939/1940,I Divisão 1984/85,J13,1984-12-16,Fora,Académica OAF,0,2,0-2,D
1939/1940,I Divisão 1984/85,J14,1984-12-23,Fora,Portimonense,1,3,1-3,D
1939/1940,I Divisão 1984/85,J17,1985-01-20,Fora,FC Penafiel,0,0,0-0,E
1939/1940,I Divisão 1984/85,J19,1985-02-16,Fora,Belenenses,1,2,1-2,D
1939/1940,I Divisão 1984/85,J21,1985-03-10,Fora,SC Braga,1,3,1-3,D
1939/1940,I Divisão 1984/85,J23,1985-03-31,Fora,Rio Ave,1,2,1-2,D
1939/1940,I Divisão 1984/85,J25,1985-04-21,Fora,Benfica,0,6,0-6,D
1939/1940,I Divisão 1984/85,J27,1985-05-12,Fora,Vitória SC,0,4,0-4,D
1939/1940,I Divisão 1984/85,J30,1985-06-02,Fora,SC Salgueiros,1,3,1-3,D
1939/1940,II Divisão Fase Final 1985/1986,D,1986-06-10,Fora,O Elvas,2,3,2-3,D
1939/1940,II Divisão Fase Final 1985/1986,-,1986-06-08,Fora,Rio Ave,1,1,1-1,E
1939/1940,II Divisão Zona Sul 85/86,J1,1985-09-15,Fora,Oriental,2,1,2-1,V
1939/1940,II Divisão Zona Sul 85/86,J3,1985-09-29,Fora,Nacional,2,0,2-0,V
1939/1940,II Divisão Zona Sul 85/86,J5,1985-10-20,Fora,Olhanense,2,2,2-2,E
1939/1940,II Divisão Zona Sul 85/86,J7,1985-11-03,Fora,Barreirense,0,1,0-1,D
1939/1940,II Divisão Zona Sul 85/86,J11,1985-12-08,Fora,Lusit. Évora,3,1,3-1,V
1939/1940,II Divisão Zona Sul 85/86,J14,1986-01-05,Fora,Silves,2,1,2-1,V
1939/1940,II Divisão Zona Sul 85/86,J17,1986-01-26,Fora,Est. Amadora,1,2,1-2,D
1939/1940,II Divisão Zona Sul 85/86,J19,1986-02-15,Fora,Juventude Évora,0,0,0-0,E
1939/1940,II Divisão Zona Sul 85/86,J21,1986-03-02,Fora,CD Cova Piedade,1,0,1-0,V
1939/1940,II Divisão Zona Sul 85/86,J23,1986-03-16,Fora,Atlético CP,2,1,2-1,V
1939/1940,II Divisão Zona Sul 85/86,J25,1986-03-30,Fora,União Madeira,0,1,0-1,D
1939/1940,II Divisão Zona Sul 85/86,J27,1986-04-13,Fora,Sacavenense,2,1,2-1,V
1939/1940,II Divisão Zona Sul 85/86,J28,1986-04-20,Fora,Torralta,2,3,2-3,D
1939/1940,II Divisão Zona Sul 85/86,J30,1986-05-04,Fora,Montijo,1,1,1-1,E
1939/1940,Taça de Portugal 1985/1986,1/16,1986-01-25,Fora,Varzim,1,2,1-2,D
1939/1940,I Divisão 1986/87,J1,1986-08-24,Fora,Marítimo,0,1,0-1,D
1939/1940,I Divisão 1986/87,J4,1986-09-13,Fora,Benfica,0,1,0-1,D
1939/1940,I Divisão 1986/87,J6,1986-09-28,Fora,GD Chaves,2,3,2-3,D
1939/1940,I Divisão 1986/87,J8,1986-10-19,Fora,SC Salgueiros,0,2,0-2,D
1939/1940,I Divisão 1986/87,J10,1986-11-09,Fora,Portimonense,2,3,2-3,D
1939/1940,I Divisão 1986/87,J12,1986-11-29,Fora,Sporting,0,1,0-1,D
1939/1940,I Divisão 1986/87,J14,1986-12-13,Fora,FC Porto,3,8,3-8,D
1939/1940,I Divisão 1986/87,J17,1987-01-10,Fora,Boavista,0,0,0-0,E
1939/1940,I Divisão 1986/87,J18,1987-01-25,Fora,O Elvas,2,1,2-1,V
1939/1940,I Divisão 1986/87,J20,1987-02-22,Fora,Vitória SC,0,0,0-0,E
1939/1940,I Divisão 1986/87,J22,1987-03-15,Fora,Rio Ave,0,2,0-2,D
1939/1940,I Divisão 1986/87,J24,1987-04-05,Fora,Académica OAF,0,1,0-1,D
1939/1940,I Divisão 1986/87,J26,1987-04-26,Fora,Belenenses,1,3,1-3,D
1939/1940,I Divisão 1986/87,J28,1987-05-17,Fora,SC Braga,0,3,0-3,D
1939/1940,I Divisão 1986/87,J30,1987-05-31,Fora,Varzim,2,3,2-3,D
1939/1940,Taça de Portugal 1986/1987,1/32,1986-12-21,Fora,Tirsense,0,0,0-0,E
1939/1940,Taça de Portugal 1986/1987,QF,1987-04-18,Fora,Portimonense,1,3,1-3,D
1939/1940,I Divisão 1987/88,J1,1987-08-22,Fora,Portimonense,0,3,0-3,D
1939/1940,I Divisão 1987/88,J3,1987-09-06,Fora,Sporting,0,2,0-2,D
1939/1940,I Divisão 1987/88,J5,1987-09-26,Fora,GD Chaves,1,6,1-6,D
1939/1940,I Divisão 1987/88,J7,1987-10-11,Fora,FC Penafiel,2,3,2-3,D
1939/1940,I Divisão 1987/88,J9,1987-10-25,Fora,SC Espinho,0,1,0-1,D
1939/1940,I Divisão 1987/88,J12,1987-11-27,Fora,Benfica,2,2,2-2,E
1939/1940,I Divisão 1987/88,J14,1987-12-27,Fora,Vitória SC,0,3,0-3,D
1939/1940,I Divisão 1987/88,J16,1988-01-10,Fora,Varzim,0,0,0-0,E
1939/1940,I Divisão 1987/88,J18,1988-01-24,Fora,SC Covilhã,1,3,1-3,D
1939/1940,I Divisão 1987/88,J21,1988-02-13,Fora,Marítimo,1,1,1-1,E
1939/1940,I Divisão 1987/88,J23,1988-02-28,Fora,O Elvas,0,0,0-0,E
1939/1940,I Divisão 1987/88,J25,1988-03-13,Fora,SC Salgueiros,1,0,1-0,V
1939/1940,I Divisão 1987/88,J27,1988-03-26,Fora,Rio Ave,1,2,1-2,D
1939/1940,I Divisão 1987/88,J29,1988-04-09,Fora,SC Braga,1,2,1-2,D
1939/1940,I Divisão 1987/88,J30,1988-04-17,Fora,Académica OAF,0,2,0-2,D
1939/1940,I Divisão 1987/88,J32,1988-04-30,Fora,Belenenses,1,4,1-4,D
1939/1940,I Divisão 1987/88,J34,1988-05-15,Fora,Boavista,0,2,0-2,D
1939/1940,I Divisão 1987/88,J36,1988-05-29,Fora,FC Porto,0,4,0-4,D
1939/1940,I Divisão 1987/88,J38,1988-06-05,Fora,Vitória FC,0,0,0-0,E
1939/1940,Taça de Portugal 1987/1988,4E,1988-02-16,Fora,UD Leiria,2,3,2-3,D
1939/1940,I Divisão 1988/89,J2,1988-08-27,Fora,Portimonense,0,0,0-0,E
1939/1940,I Divisão 1988/89,J4,1988-09-11,Fora,Marítimo,1,2,1-2,D
1939/1940,I Divisão 1988/89,J5,1988-09-18,Fora,Fafe,0,1,0-1,D
1939/1940,I Divisão 1988/89,J7,1988-10-01,Fora,Benfica,0,3,0-3,D
1939/1940,I Divisão 1988/89,J9,1988-10-16,Fora,Leixões,0,1,0-1,D
1939/1940,I Divisão 1988/89,J11,1988-10-29,Fora,SC Braga,2,4,2-4,D
1939/1940,I Divisão 1988/89,J13,1988-11-20,Fora,Nacional,0,3,0-3,D
1939/1940,I Divisão 1988/89,J15,1988-12-01,Fora,Est. Amadora,0,1,0-1,D
1939/1940,I Divisão 1988/89,J17,1988-12-11,Fora,Boavista,1,1,1-1,E
1939/1940,I Divisão 1988/89,J19,1988-12-31,Fora,SC Espinho,1,3,1-3,D
1939/1940,I Divisão 1988/89,J20,1989-01-08,Fora,Vitória SC,0,3,0-3,D
1939/1940,I Divisão 1988/89,J22,1989-01-22,Fora,Académico de Viseu,1,3,1-3,D
1939/1940,I Divisão 1988/89,J25,1989-02-07,Fora,Belenenses,0,2,0-2,D
1939/1940,I Divisão 1988/89,J27,1989-02-26,Fora,FC Porto,0,5,0-5,D
1939/1940,I Divisão 1988/89,J29,1989-03-12,Fora,Beira -Mar,2,2,2-2,E
1939/1940,I Divisão 1988/89,J31,1989-03-25,Fora,GD Chaves,0,0,0-0,E
1939/1940,I Divisão 1988/89,J33,1989-04-09,Fora,Vitória FC,2,0,2-0,V
1939/1940,I Divisão 1988/89,J35,1989-04-30,Fora,Sporting,0,1,0-1,D
1939/1940,I Divisão 1988/89,J37,1989-05-14,Fora,FC Penafiel,1,0,1-0,V
1939/1940,Taça de Portugal 1988/1989,1/64,1988-12-21,Fora,FC Vizela 1-0 D 1/32 1988 -11-01 Casa Santa Maria FC,0,3,0-3,D
1939/1940,II Divisão Zona Sul 1989/1990,J2,1989-09-24,Fora,Lusitano VRSA,0,0,0-0,E
1939/1940,II Divisão Zona Sul 1989/1990,J3,1989-10-15,Fora,O Elvas,2,0,2-0,V
1939/1940,II Divisão Zona Sul 1989/1990,J5,1989-10-29,Fora,Seixal FC,4,1,4-1,V
1939/1940,II Divisão Zona Sul 1989/1990,J7,1989-11-19,Fora,Barreirense,0,0,0-0,E
1939/1940,II Divisão Zona Sul 1989/1990,J9,1989-12-03,Fora,Lusit. Évora,2,1,2-1,V
1939/1940,II Divisão Zona Sul 1989/1990,J11,1989-12-23,Fora,Olhanense,4,0,4-0,V
1939/1940,II Divisão Zona Sul 1989/1990,J13,1990-01-07,Fora,Estoril Praia,1,1,1-1,E
1939/1940,II Divisão Zona Sul 1989/1990,J15,1990-01-21,Fora,Sintrense,1,0,1-0,V
1939/1940,II Divisão Zona Sul 1989/1990,J17,1990-02-11,Fora,Juventude Évora,2,0,2-0,V
1939/1940,II Divisão Zona Sul 1989/1990,J18,1990-02-18,Fora,Torreense,1,1,1-1,E
1939/1940,II Divisão Zona Sul 1989/1990,J21,1990-03-11,Fora,FC Alverca,1,2,1-2,D
1939/1940,II Divisão Zona Sul 1989/1990,J23,1990-03-25,Fora,Atlético CP,1,1,1-1,E
1939/1940,II Divisão Zona Sul 1989/1990,J25,1990-04-08,Fora,Samora Correia,1,0,1-0,V
1939/1940,II Divisão Zona Sul 1989/1990,J27,1990-04-22,Fora,Louletano,0,2,0-2,D
1939/1940,II Divisão Zona Sul 1989/1990,J29,1990-04-29,Fora,Silves,2,1,2-1,V
1939/1940,II Divisão Zona Sul 1989/1990,J31,1990-05-13,Fora,Desportivo O. Moscavide,3,1,3-1,V
1939/1940,II Divisão Zona Sul 1989/1990,J33,1990-05-30,Fora,GD Portalegrense,0,2,0-2,D
1939/1940,II Divisão II Fase 1989/90,-,1990-06-14,Fora,Gil Vicente,0,0,0-0,E
1939/1940,II Divisão II Fase 1989/90,-,1990-06-17,Fora,SC Salgueiros,0,1,0-1,D
1939/1940,Taça de Portugal 1989/1990,1/32,1989-12-10,Fora,Odivelas,9,1,9-1,V
1939/1940,Taça de Portugal 1989/1990,1/8,1990-02-27,Fora,União Madeira,0,0,0-0,E
1939/1940,Taça de Portugal 1989/1990,MF,1990-05-10,Fora,Belenenses,2,1,2-1,V
1939/1940,Taça de Portugal 1989/1990,F,1990-05-27,Fora,Est. Amadora,1,1,1-1,E
1939/1940,I Divisão 1990/91,J2,1990-08-26,Fora,Beira -Mar,0,0,0-0,E
1939/1940,I Divisão 1990/91,J4,1990-09-16,Fora,Gil Vicente,1,2,1-2,D
1939/1940,I Divisão 1990/91,J6,1990-09-29,Fora,Vitória SC,0,2,0-2,D
1939/1940,I Divisão 1990/91,J8,1990-10-21,Fora,FC Penafiel,1,4,1-4,D
1939/1940,I Divisão 1990/91,J10,1990-11-04,Fora,SC Salgueiros,0,1,0-1,D
1939/1940,I Divisão 1990/91,J12,1990-11-14,Fora,Boavista,0,2,0-2,D
1939/1940,I Divisão 1990/91,J14,1990-11-25,Fora,Belenenses,0,1,0-1,D
1939/1940,I Divisão 1990/91,J16,1990-12-09,Fora,Est. Amadora,1,0,1-0,V
1939/1940,I Divisão 1990/91,J19,1990-10-13,Fora,Marítimo,1,3,1-3,D
1939/1940,I Divisão 1990/91,J20,1991-01-06,Fora,Nacional,1,3,1-3,D
1939/1940,I Divisão 1990/91,J22,1991-01-27,Fora,Vitória FC,1,2,1-2,D
1939/1940,I Divisão 1990/91,J24,1991-02-23,Fora,FC Famalicão,3,2,3-2,V
1939/1940,I Divisão 1990/91,J26,1991-03-10,Fora,SC Braga,2,4,2-4,D
1939/1940,I Divisão 1990/91,J28,1991-03-24,Fora,GD Chaves,2,4,2-4,D
1939/1940,I Divisão 1990/91,J30,1991-04-03,Fora,Tirsense,2,3,2-3,D
1939/1940,I Divisão 1990/91,J32,1991-04-14,Fora,FC Porto,0,1,0-1,D
1939/1940,I Divisão 1990/91,J34,1991-04-28,Fora,Sporting,1,0,1-0,V
1939/1940,I Divisão 1990/91,J36,1991-05-12,Fora,Benfica,0,2,0-2,D
1939/1940,I Divisão 1990/91,J37,1991-05-19,Fora,União Madeira,0,0,0-0,E
1939/1940,Taça de Portugal 1990/1991,1/16,1991-02-27,Fora,Sporting,0,2,0-2,D
1939/1940,I Divisão 1991/92,J2,1991-08-24,Fora,FC Penafiel,0,1,0-1,D
1939/1940,I Divisão 1991/92,J4,1991-09-15,Fora,SC Salgueiros,1,2,1-2,D
1939/1940,I Divisão 1991/92,J6,1991-09-29,Fora,Boavista,0,2,0-2,D
1939/1940,I Divisão 1991/92,J8,1991-10-20,Fora,Gil Vicente,0,0,0-0,E
1939/1940,I Divisão 1991/92,J10,1991-11-03,Fora,Vitória SC,1,3,1-3,D
1939/1940,I Divisão 1991/92,J12,1991-11-24,Fora,Sporting,1,2,1-2,D
1939/1940,I Divisão 1991/92,J14,1991-12-08,Fora,Estoril Praia,1,3,1-3,D
1939/1940,I Divisão 1991/92,J17,1992-01-05,Fora,União Madeira,2,0,2-0,V
1939/1940,I Divisão 1991/92,J18,1992-01-19,Fora,Marítimo,1,1,1-1,E
1939/1940,I Divisão 1991/92,J20,1992-02-02,Fora,Paços de Ferreira,0,1,0-1,D
1939/1940,I Divisão 1991/92,J22,1992-02-16,Fora,GD Chaves,0,0,0-0,E
1939/1940,I Divisão 1991/92,J24,1992-02-29,Fora,FC Porto,0,2,0-2,D
1939/1940,I Divisão 1991/92,J26,1992-03-15,Fora,FC Famalicão,1,0,1-0,V
1939/1940,I Divisão 1991/92,J28,1992-04-05,Fora,SC Braga,1,4,1-4,D
1939/1940,I Divisão 1991/92,J30,1992-04-18,Fora,Benfica,1,1,1-1,E
1939/1940,I Divisão 1991/92,J32,1992-05-02,Fora,Beira -Mar,0,1,0-1,D
1939/1940,I Divisão 1991/92,J33,1992-05-09,Fora,Torreense,1,1,1-1,E
1939/1940,Taça de Portugal 1991/1992,5E,1992-01-12,Fora,Beira -Mar,0,0,0-0,E
1939/1940,Liga Portuguesa 1992/93,J2,1992-08-30,Fora,FC Famalicão,0,1,0-1,D
1939/1940,Liga Portuguesa 1992/93,J4,1992-09-13,Fora,SC Espinho,1,1,1-1,E
1939/1940,Liga Portuguesa 1992/93,J5,1992-09-20,Fora,Gil Vicente,1,2,1-2,D
1939/1940,Liga Portuguesa 1992/93,J7,1992-10-04,Fora,Benfica,0,1,0-1,D
1939/1940,Liga Portuguesa 1992/93,J9,1992-10-25,Fora,FC Porto,0,3,0-3,D
1939/1940,Liga Portuguesa 1992/93,J11,1992-11-07,Fora,Vitória SC,0,2,0-2,D
1939/1940,Liga Portuguesa 1992/93,J13,1992-11-22,Fora,Marítimo,1,2,1-2,D
1939/1940,Liga Portuguesa 1992/93,J15,1992-12-13,Fora,Belenenses,1,1,1-1,E
1939/1940,Liga Portuguesa 1992/93,J17,1993-01-03,Fora,Tirsense,0,0,0-0,E
1939/1940,Liga Portuguesa 1992/93,J18,1993-01-10,Fora,SC Salgueiros,0,0,0-0,E
1939/1940,Liga Portuguesa 1992/93,J20,1993-02-07,Fora,SC Braga,1,0,1-0,V
1939/1940,Liga Portuguesa 1992/93,J23,1993-03-06,Fora,Sporting,0,2,0-2,D
1939/1940,Liga Portuguesa 1992/93,J25,1993-03-21,Fora,Boavista,1,3,1-3,D
1939/1940,Liga Portuguesa 1992/93,J27,1993-04-10,Fora,GD Chaves,2,2,2-2,E
1939/1940,Liga Portuguesa 1992/93,J29,1993-05-02,Fora,Beira -Mar,1,1,1-1,E
1939/1940,Liga Portuguesa 1992/93,J31,1993-05-16,Fora,Estoril Praia,0,1,0-1,D
1939/1940,Liga Portuguesa 1992/93,J33,1993-05-30,Fora,Paços de Ferreira,1,4,1-4,D
1939/1940,Taça de Portugal 1992/1993,5E,1992-12-27,Fora,Est. Amadora,0,2,0-2,D
1939/1940,Liga Portuguesa 1993/94,J2,1993-08-29,Fora,Beira -Mar,0,3,0-3,D
1939/1940,Liga Portuguesa 1993/94,J4,1993-09-19,Fora,Benfica,1,4,1-4,D
1939/1940,Liga Portuguesa 1993/94,J6,1993-10-03,Fora,Marítimo,2,5,2-5,D
1939/1940,Liga Portuguesa 1993/94,J8,1993-10-24,Fora,FC Famalicão,1,2,1-2,D
1939/1940,Liga Portuguesa 1993/94,J10,1993-11-21,Fora,SC Braga,0,4,0-4,D
1939/1940,Liga Portuguesa 1993/94,J12,1993-12-12,Fora,Paços de Ferreira,0,1,0-1,D
1939/1940,Liga Portuguesa 1993/94,J14,1993-12-30,Fora,SC Salgueiros,2,3,2-3,D
1939/1940,Liga Portuguesa 1993/94,J17,1994-01-23,Fora,Estoril Praia,1,0,1-0,V
1939/1940,Liga Portuguesa 1993/94,J18,1994-02-06,Fora,Belenenses,2,4,2-4,D
1939/1940,Liga Portuguesa 1993/94,J20,1994-02-20,Fora,Est. Amadora,2,1,2-1,V
1939/1940,Liga Portuguesa 1993/94,J22,1994-03-06,Fora,Sporting,1,3,1-3,D
1939/1940,Liga Portuguesa 1993/94,J24,1994-03-24,Fora,União Madeira,0,0,0-0,E
1939/1940,Liga Portuguesa 1993/94,J26,1994-04-10,Fora,Gil Vicente,0,0,0-0,E
1939/1940,Liga Portuguesa 1993/94,J28,1994-04-30,Fora,Vitória SC,2,2,2-2,E
1939/1940,Liga Portuguesa 1993/94,J30,1994-05-08,Fora,Paços de Ferreira,0,3,0-3,D
1939/1940,Liga Portuguesa 1993/94,J32,1994-05-25,Fora,FC Porto,0,1,0-1,D
1939/1940,Liga Portuguesa 1993/94,J33,1994-05-29,Fora,Vitória FC,0,2,0-2,D
1939/1940,Taça de Portugal 1993/1994,4E,1993-12-05,Fora,Vitória SC,0,1,0-1,D
1939/1940,Liga Portuguesa 1994/95,J2,1994-08-28,Fora,Boavista,1,2,1-2,D
1939/1940,Liga Portuguesa 1994/95,J4,1994-09-18,Fora,Tirsense,0,3,0-3,D
1939/1940,Liga Portuguesa 1994/95,J6,1994-10-01,Fora,Beira -Mar,3,1,3-1,V
1939/1940,Liga Portuguesa 1994/95,J8,1994-10-23,Fora,Vitória FC,1,1,1-1,E
1939/1940,Liga Portuguesa 1994/95,J10,1994-11-06,Fora,Benfica,1,2,1-2,D
1939/1940,Liga Portuguesa 1994/95,J12,1994-11-27,Fora,Gil Vicente,1,1,1-1,E
1939/1940,Liga Portuguesa 1994/95,J14,1994-12-11,Fora,Vitória SC,0,2,0-2,D
1939/1940,Liga Portuguesa 1994/95,J15,1994-12-17,Fora,Marítimo,1,2,1-2,D
1939/1940,Liga Portuguesa 1994/95,J17,1995-01-15,Fora,Est. Amadora,1,2,1-2,D
1939/1940,Liga Portuguesa 1994/95,J18,1995-01-21,Fora,Sporting,1,1,1-1,E
1939/1940,Liga Portuguesa 1994/95,J20,1995-02-12,Fora,SC Salgueiros,3,0,3-0,V
1939/1940,Liga Portuguesa 1994/95,J24,1995-03-12,Fora,União Madeira,0,3,0-3,D
1939/1940,Liga Portuguesa 1994/95,J26,1995-03-26,Fora,UD Leiria,0,5,0-5,D
1939/1940,Liga Portuguesa 1994/95,J28,1995-04-09,Fora,FC Porto,0,2,0-2,D
1939/1940,Liga Portuguesa 1994/95,J30,1995-04-30,Fora,GD Chaves,2,1,2-1,V
1939/1940,Liga Portuguesa 1994/95,J33,1995-05-21,Fora,Belenenses,0,1,0-1,D
1939/1940,Taça de Portugal 1994/1995,4E,1994-12-04,Fora,Est. Amadora,0,0,0-0,E
1939/1940,Taça de Portugal 1994/1995,1/8,1995-02-15,Fora,Leça FC,0,1,0-1,D
1939/1940,Liga Portuguesa 1995/96,J2,1995-08-27,Fora,Vitória SC,0,1,0-1,D
1939/1940,Liga Portuguesa 1995/96,J4,1995-09-17,Fora,Belenenses,1,2,1-2,D
1939/1940,Liga Portuguesa 1995/96,J6,1995-10-01,Fora,Gil Vicente,2,2,2-2,E
1939/1940,Liga Portuguesa 1995/96,J8,1995-10-22,Fora,Leça FC,1,2,1-2,D
1939/1940,Liga Portuguesa 1995/96,J10,1995-11-05,Fora,Boavista,0,3,0-3,D
1939/1940,Liga Portuguesa 1995/96,J12,1995-11-26,Fora,Campomaiorense,0,1,0-1,D
1939/1940,Liga Portuguesa 1995/96,J13,1995-12-10,Fora,FC Felgueiras (Extinto),1,3,1-3,D
1939/1940,Liga Portuguesa 1995/96,J15,1995-12-23,Fora,UD Leiria,0,1,0-1,D
1939/1940,Liga Portuguesa 1995/96,J17,1996-01-07,Fora,SC Salgueiros,0,1,0-1,D
1939/1940,Liga Portuguesa 1995/96,J18,1996-01-13,Fora,Tirsense,1,2,1-2,D
1939/1940,Liga Portuguesa 1995/96,J20,1996-01-28,Fora,Est. Amadora,1,1,1-1,E
1939/1940,Liga Portuguesa 1995/96,J22,1996-02-10,Fora,Sporting,0,5,0-5,D
1939/1940,Liga Portuguesa 1995/96,J24,1996-03-03,Fora,GD Chaves,1,2,1-2,D
1939/1940,Liga Portuguesa 1995/96,J26,1996-03-17,Fora,FC Porto,0,2,0-2,D
1939/1940,Liga Portuguesa 1995/96,J28,1996-03-31,Fora,SC Braga,2,3,2-3,D
1939/1940,Liga Portuguesa 1995/96,J31,1996-04-21,Fora,Benfica,1,0,1-0,V
1939/1940,Liga Portuguesa 1995/96,J33,1996-05-05,Fora,Marítimo,0,0,0-0,E
1939/1940,Taça de Portugal 1995/1996,5E,1996-01-17,Fora,Feirense,2,2,2-2,E
1939/1940,Taça de Portugal 1995/1996,1/8,1996-02-14,Fora,Benfica,0,3,0-3,D
1939/1940,Liga Portuguesa 1996/97,J2,1996-09-06,Fora,Sporting,0,0,0-0,E
1939/1940,Liga Portuguesa 1996/97,J4,1996-09-22,Fora,SC Espinho,0,1,0-1,D
1939/1940,Liga Portuguesa 1996/97,J5,1996-09-29,Fora,Belenenses,2,1,2-1,V
1939/1940,Liga Portuguesa 1996/97,J7,1996-10-20,Fora,Marítimo,0,1,0-1,D
1939/1940,Liga Portuguesa 1996/97,J9,1996-11-03,Fora,FC Porto,0,2,0-2,D
1939/1940,Liga Portuguesa 1996/97,J11,1996-11-24,Fora,Benfica,1,2,1-2,D
1939/1940,Liga Portuguesa 1996/97,J13,1996-12-22,Fora,Gil Vicente,1,1,1-1,E
1939/1940,Liga Portuguesa 1996/97,J15,1997-01-12,Fora,UD Leiria,0,0,0-0,E
1939/1940,Liga Portuguesa 1996/97,J20,1997-02-16,Fora,Boavista,1,1,1-1,E
1939/1940,Liga Portuguesa 1996/97,J23,1997-03-16,Fora,Rio Ave,0,0,0-0,E
1939/1940,Liga Portuguesa 1996/97,J25,1997-04-06,Fora,Leça FC,0,0,0-0,E
1939/1940,Liga Portuguesa 1996/97,J27,1997-04-20,Fora,Vitória SC,2,3,2-3,D
1939/1940,Liga Portuguesa 1996/97,J29,1997-05-04,Fora,SC Braga,1,2,1-2,D
1939/1940,Liga Portuguesa 1996/97,J31,1997-05-18,Fora,Vitória FC,1,0,1-0,V
1939/1940,Liga Portuguesa 1996/97,J33,1997-06-01,Fora,GD Chaves,1,1,1-1,E
1939/1940,Taça de Portugal 1996/1997,4E,1996-12-11,Fora,Est. Amadora,0,1,0-1,D
1939/1940,Liga Portuguesa 1997/98,J2,1997-08-31,Fora,SC Braga,2,2,2-2,E
1939/1940,Liga Portuguesa 1997/98,J3,1997-09-14,Fora,Belenenses,3,0,3-0,V
1939/1940,Liga Portuguesa 1997/98,J5,1997-09-26,Fora,Vitória SC,0,2,0-2,D
1939/1940,Liga Portuguesa 1997/98,J7,1997-10-19,Fora,Benfica,1,3,1-3,D
1939/1940,Liga Portuguesa 1997/98,J11,1997-12-01,Fora,FC Porto,2,5,2-5,D
1939/1940,Liga Portuguesa 1997/98,J13,1997-12-13,Fora,Leça FC,1,2,1-2,D
1939/1940,Liga Portuguesa 1997/98,J15,1998-01-04,Fora,Vitória FC,1,4,1-4,D
1939/1940,Liga Portuguesa 1997/98,J17,1998-01-18,Fora,Rio Ave,3,0,3-0,V
1939/1940,Liga Portuguesa 1997/98,J18,1998-01-25,Fora,Sporting,2,3,2-3,D
1939/1940,Liga Portuguesa 1997/98,J21,1998-02-15,Fora,GD Chaves,2,2,2-2,E
1939/1940,Liga Portuguesa 1997/98,J23,1998-03-01,Fora,Boavista,2,2,2-2,E
1939/1940,Liga Portuguesa 1997/98,J25,1998-03-15,Fora,SC Salgueiros,1,4,1-4,D
1939/1940,Liga Portuguesa 1997/98,J27,1998-03-29,Fora,Varzim,0,1,0-1,D
1939/1940,Liga Portuguesa 1997/98,J29,1998-04-11,Fora,Est. Amadora,1,2,1-2,D
1939/1940,Liga Portuguesa 1997/98,J31,1998-04-26,Fora,Campomaiorense,2,5,2-5,D
1939/1940,Liga Portuguesa 1997/98,J33,1998-05-10,Fora,Académica OAF,0,1,0-1,D
1939/1940,Taça de Portugal 1997/1998,4E,1997-10-26,Fora,Benfica,2,4,2-4,D
1939/1940,Liga Portuguesa 1998/99,J1,1998-08-23,Fora,SC Salgueiros,2,4,2-4,D
1939/1940,Liga Portuguesa 1998/99,J3,1998-09-12,Fora,FC Porto,0,2,0-2,D
1939/1940,Liga Portuguesa 1998/99,J5,1998-09-28,Fora,Vitória FC,1,1,1-1,E
1939/1940,Liga Portuguesa 1998/99,J7,1998-10-18,Fora,Académica OAF,1,2,1-2,D
1939/1940,Liga Portuguesa 1998/99,J9,1998-11-01,Fora,Est. Amadora,1,2,1-2,D
1939/1940,Liga Portuguesa 1998/99,J11,1998-11-15,Fora,Beira -Mar,1,0,1-0,V
1939/1940,Liga Portuguesa 1998/99,J14,1998-12-06,Fora,Vitória SC,0,1,0-1,D
1939/1940,Liga Portuguesa 1998/99,J16,1998-12-18,Fora,Boavista,0,3,0-3,D
1939/1940,Liga Portuguesa 1998/99,J19,1999-01-25,Fora,SC Braga,0,0,0-0,E
1939/1940,Liga Portuguesa 1998/99,J21,1999-02-05,Fora,Benfica,0,5,0-5,D
1939/1940,Liga Portuguesa 1998/99,J23,1999-02-21,Fora,GD Chaves,4,4,4-4,E
1939/1940,Liga Portuguesa 1998/99,J25,1999-03-12,Fora,Sporting,0,1,0-1,D
1939/1940,Liga Portuguesa 1998/99,J27,1999-04-03,Fora,Rio Ave,2,2,2-2,E
1939/1940,Liga Portuguesa 1998/99,J29,1999-04-25,Fora,Campomaiorense,1,3,1-3,D
1939/1940,Liga Portuguesa 1998/99,J30,1999-05-02,Fora,Marítimo,3,1,3-1,V
1939/1940,Liga Portuguesa 1998/99,J32,1999-05-16,Fora,FC Alverca,3,1,3-1,V
1939/1940,Liga Portuguesa 1998/99,J34,1999-05-30,Fora,UD Leiria,1,2,1-2,D
1939/1940,Taça de Portugal 1998/1999,4E,1999-01-10,Fora,Est. Amadora,0,0,0-0,E
1939/1940,Taça de Portugal 1998/1999,5E,1999-02-16,Fora,Boavista,1,2,1-2,D
1939/1940,Liga Portuguesa 1999/00,J2,1999-08-27,Fora,Vitória SC,0,3,0-3,D
1939/1940,Liga Portuguesa 1999/00,J4,1999-09-19,Fora,Marítimo,0,3,0-3,D
1939/1940,Liga Portuguesa 1999/00,J6,1999-10-03,Fora,SC Salgueiros,0,0,0-0,E
1939/1940,Liga Portuguesa 1999/00,J8,1999-10-22,Fora,Vitória FC,1,1,1-1,E
1939/1940,Liga Portuguesa 1999/00,J9,1999-10-31,Fora,Rio Ave,1,1,1-1,E
1939/1940,Liga Portuguesa 1999/00,J11,1999-11-21,Fora,Gil Vicente,0,4,0-4,D
1939/1940,Liga Portuguesa 1999/00,J13,1999-12-05,Fora,FC Alverca,1,0,1-0,V
1939/1940,Liga Portuguesa 1999/00,J15,1999-12-20,Fora,FC Porto,0,5,0-5,D
1939/1940,Liga Portuguesa 1999/00,J17,2000-01-16,Fora,Belenenses,1,1,1-1,E
1939/1940,Liga Portuguesa 1999/00,J18,2000-01-23,Fora,UD Leiria,0,2,0-2,D
1939/1940,Liga Portuguesa 1999/00,J20,2000-02-05,Fora,Sporting,1,3,1-3,D
1939/1940,Liga Portuguesa 1999/00,J22,2000-02-20,Fora,Benfica,2,6,2-6,D
1939/1940,Liga Portuguesa 1999/00,J24,2000-03-04,Fora,Santa Clara,2,1,2-1,V
1939/1940,Liga Portuguesa 1999/00,J27,2000-03-26,Fora,Est. Amadora,1,1,1-1,E
1939/1940,Liga Portuguesa 1999/00,J29,2000-04-10,Fora,Boavista,1,2,1-2,D
1939/1940,Liga Portuguesa 1999/00,J31,2000-04-22,Fora,SC Braga,0,1,0-1,D
1939/1940,Liga Portuguesa 1999/00,J33,2000-05-07,Fora,Campomaiorense,0,1,0-1,D
1939/1940,Liga Portuguesa 2000/01,J1,2000-08-20,Fora,Sporting,0,1,0-1,D
1939/1940,Liga Portuguesa 2000/01,J3,2000-09-10,Fora,Gil Vicente,0,0,0-0,E
1939/1940,Liga Portuguesa 2000/01,J5,2000-09-24,Fora,CD Aves,1,3,1-3,D
1939/1940,Liga Portuguesa 2000/01,J7,2000-10-15,Fora,Beira -Mar,2,0,2-0,V
1939/1940,Liga Portuguesa 2000/01,J9,2000-10-29,Fora,Est. Amadora,2,1,2-1,V
1939/1940,Liga Portuguesa 2000/01,J11,2000-11-12,Fora,Benfica,1,2,1-2,D
1939/1940,Liga Portuguesa 2000/01,J13,2000-12-03,Fora,Paços de Ferreira,1,1,1-1,E
1939/1940,Liga Portuguesa 2000/01,J15,2000-12-17,Fora,Marítimo,1,1,1-1,E
1939/1940,Liga Portuguesa 2000/01,J16,2001-01-07,Fora,SC Braga,0,3,0-3,D
1939/1940,Liga Portuguesa 2000/01,J19,2001-01-28,Fora,FC Alverca,1,0,1-0,V
1939/1940,Liga Portuguesa 2000/01,J21,2001-02-18,Fora,SC Salgueiros,0,0,0-0,E
1939/1940,Liga Portuguesa 2000/01,J23,2001-03-04,Fora,FC Porto,0,2,0-2,D
1939/1940,Liga Portuguesa 2000/01,J25,2001-03-18,Fora,UD Leiria,0,2,0-2,D
1939/1940,Liga Portuguesa 2000/01,J27,2001-04-08,Fora,Boavista,0,1,0-1,D
1939/1940,Liga Portuguesa 2000/01,J29,2001-04-23,Fora,Belenenses,2,4,2-4,D
1939/1940,Liga Portuguesa 2000/01,J31,2001-05-06,Fora,Campomaiorense,0,1,0-1,D
1939/1940,Liga Portuguesa 2000/01,J34,2001-05-27,Fora,Vitória SC,0,1,0-1,D
1939/1940,Taça de Portugal 2000/2001,5E,2000-12-23,Fora,Leça FC,0,0,0-0,E
1939/1940,Liga Portuguesa 2001/02,J1,2001-08-12,Fora,SC Salgueiros,2,0,2-0,V
1939/1940,Liga Portuguesa 2001/02,J3,2001-08-26,Fora,SC Braga,0,4,0-4,D
1939/1940,Liga Portuguesa 2001/02,J5,2001-09-16,Fora,Paços de Ferreira,1,1,1-1,E
1939/1940,Liga Portuguesa 2001/02,J7,2001-09-30,Fora,Boavista,1,1,1-1,E
1939/1940,Liga Portuguesa 2001/02,J9,2001-10-21,Fora,Varzim,0,2,0-2,D
1939/1940,Liga Portuguesa 2001/02,J11,2001-11-03,Fora,Vitória FC,0,2,0-2,D
1939/1940,Liga Portuguesa 2001/02,J13,2001-11-30,Fora,FC Porto,0,2,0-2,D
1939/1940,Liga Portuguesa 2001/02,J15,2001-12-15,Fora,FC Alverca,0,1,0-1,D
1939/1940,Liga Portuguesa 2001/02,J17,2002-01-06,Fora,Gil Vicente,1,3,1-3,D
1939/1940,Liga Portuguesa 2001/02,J19,2002-01-18,Fora,Vitória SC,1,3,1-3,D
1939/1940,Liga Portuguesa 2001/02,J21,2002-02-03,Fora,Santa Clara,0,2,0-2,D
1939/1940,Liga Portuguesa 2001/02,J23,2002-02-17,Fora,Sporting,0,1,0-1,D
1939/1940,Liga Portuguesa 2001/02,J25,2002-03-03,Fora,Marítimo,0,1,0-1,D
1939/1940,Liga Portuguesa 2001/02,J27,2002-03-18,Fora,Benfica,0,5,0-5,D
1939/1940,Liga Portuguesa 2001/02,J31,2002-04-14,Fora,Belenenses,0,4,0-4,D
1939/1940,Liga Portuguesa 2001/02,J33,2002-04-28,Fora,UD Leiria,1,4,1-4,D
1939/1940,Taça de Portugal 2001/2002,4E,2001-11-18,Fora,Est. Portalegre,5,1,5-1,V
1939/1940,Taça de Portugal 2001/2002,5E,2001-12-12,Fora,Sporting,1,4,1-4,D
1939/1940,II Liga 2002/2003,J1,2002-08-25,Fora,FC Penafiel,2,1,2-1,V
1939/1940,II Liga 2002/2003,J3,2002-09-15,Fora,FC Felgueiras (Extinto),0,2,0-2,D
1939/1940,II Liga 2002/2003,J5,2002-09-29,Fora,U. Lamas,1,0,1-0,V
1939/1940,II Liga 2002/2003,J7,2002-10-12,Fora,SC Salgueiros,0,2,0-2,D
1939/1940,II Liga 2002/2003,J10,2002-11-10,Fora,Naval,0,0,0-0,E
1939/1940,II Liga 2002/2003,J12,2002-12-01,Fora,CD Aves,0,1,0-1,D
1939/1940,II Liga 2002/2003,J14,2002-12-15,Fora,Ovarense,1,3,1-3,D
1939/1940,II Liga 2002/2003,J16,2003-01-05,Fora,FC Marco,1,1,1-1,E
1939/1940,II Liga 2002/2003,J19,2003-01-26,Fora,Portimonense,2,1,2-1,V
1939/1940,II Liga 2002/2003,J21,2003-02-09,Fora,Maia,0,2,0-2,D
1939/1940,II Liga 2002/2003,J25,2003-03-16,Fora,União Madeira,1,3,1-3,D
1939/1940,II Liga 2002/2003,J26,2003-03-23,Fora,GD Chaves,0,1,0-1,D
1939/1940,II Liga 2002/2003,J28,2003-04-19,Fora,FC Alverca,1,2,1-2,D
1939/1940,II Liga 2002/2003,J30,2003-05-04,Fora,SC Covilhã,0,0,0-0,E
1939/1940,II Liga 2002/2003,J32,2003-05-18,Fora,Rio Ave,0,1,0-1,D
1939/1940,II Liga 2002/2003,J34,2003-06-01,Fora,Leça FC,0,1,0-1,D
1939/1940,Taça de Portugal 2002/2003,3E,2002-10-30,Fora,Fiães SC,2,1,2-1,V
1939/1940,Taça de Portugal 2002/2003,4E,2002-11-24,Fora,Varzim,1,4,1-4,D
1939/1940,II Divisão B Zona Sul 03/04,J2,2003-08-24,Fora,Marítimo B,0,6,0-6,D
1939/1940,II Divisão B Zona Sul 03/04,J4,2003-09-07,Fora,Amora FC,1,4,1-4,D
1939/1940,II Divisão B Zona Sul 03/04,J6,2003-09-21,Fora,Estrela FC,1,0,1-0,V
1939/1940,II Divisão B Zona Sul 03/04,J8,2003-10-19,Fora,Louletano,0,0,0-0,E
1939/1940,II Divisão B Zona Sul 03/04,J10,2003-11-02,Fora,Lusitnia dos Açores,0,1,0-1,D
1939/1940,II Divisão B Zona Sul 03/04,J12,2003-11-16,Fora,CD Mafra,1,1,1-1,E
1939/1940,II Divisão B Zona Sul 03/04,J14,2003-12-07,Fora,Barreirense,0,2,0-2,D
1939/1940,II Divisão B Zona Sul 03/04,J16,2003-12-21,Fora,Odivelas,1,2,1-2,D
1939/1940,II Divisão B Zona Sul 03/04,J17,2003-12-28,Fora,Olivais e Moscavide,0,1,0-1,D
1939/1940,II Divisão B Zona Sul 03/04,J19,2004-01-11,Fora,Pinhalnovense,0,1,0-1,D
1939/1940,II Divisão B Zona Sul 03/04,J20,2004-01-18,Fora,União Micaelense,0,2,0-2,D
1939/1940,II Divisão B Zona Sul 03/04,J24,2004-02-15,Fora,Ribeira Brava,0,1,0-1,D
1939/1940,II Divisão B Zona Sul 03/04,J26,2004-02-29,Fora,Olhanense,1,2,1-2,D
1939/1940,II Divisão B Zona Sul 03/04,J28,2004-03-14,Fora,Camacha,1,1,1-1,E
1939/1940,II Divisão B Zona Sul 03/04,J30,2004-03-28,Fora,CD Santo António,0,0,0-0,E
1939/1940,II Divisão B Zona Sul 03/04,J32,2004-04-10,Fora,Sporting B,2,3,2-3,D
1939/1940,II Divisão B Zona Sul 03/04,J34,2004-04-18,Fora,Pontassolense,2,1,2-1,V
1939/1940,II Divisão B Zona Sul 03/04,J37,2004-05-09,Fora,Sintrense,1,1,1-1,E
1939/1940,Taça de Portugal 2003/2004,3E,2003-10-12,Fora,Ovarense,0,2,0-2,D
1939/1940,III Série F 04/05,J2,2004-09-12,Fora,Almancilense,2,6,2-6,D
1939/1940,III Série F 04/05,J4,2004-10-02,Fora,Silves,0,4,0-4,D
1939/1940,III Série F 04/05,J6,2004-10-17,Fora,Lusitano VRSA,0,2,0-2,D
1939/1940,III Série F 04/05,J8,2004-10-31,Fora,Moura,2,0,2-0,V
1939/1940,III Série F 04/05,J10,2004-11-13,Fora,Sesimbra,0,1,0-1,D
1939/1940,III Série F 04/05,J12,2004-11-28,Fora,Aljustrelense,0,0,0-0,E
1939/1940,III Série F 04/05,J14,2004-12-12,Fora,Lusit. Évora,0,1,0-1,D
1939/1940,III Série F 04/05,J16,2005-01-09,Fora,Desp. Beja,1,3,1-3,D
1939/1940,III Série F 04/05,J18,2005-01-23,Fora,Almada AC,2,1,2-1,V
1939/1940,III Série F 04/05,J19,2005-02-06,Fora,GD Lagoa 0-1 V J20 2005 -01-30 00:00 Casa Almancilense,2,2,2-2,E
1939/1940,III Série F 04/05,J22,2005-02-19,Fora,Juventude Évora,0,1,0-1,D
1939/1940,III Série F 04/05,J24,2005-03-06,Fora,Montijo,3,3,3-3,E
1939/1940,III Série F 04/05,J26,2005-03-20,Fora,Seixal FC,1,2,1-2,D
1939/1940,III Série F 04/05,J28,2005-04-10,Fora,Imortal,1,0,1-0,V
1939/1940,III Série F 04/05,J30,2005-04-24,Fora,Messinense,0,1,0-1,D
1939/1940,III Série F 04/05,J32,2005-05-08,Fora,Beira -Mar M.Gordo,0,1,0-1,D
1939/1940,III Série F 04/05,J34,2005-05-22,Fora,U. Santiago,3,2,3-2,V
1939/1940,Taça 05/06,1E,2005-09-04,Fora,Atlético CP,0,6,0-6,D
1939/1940,Algarve 1ª 07/08,J2,2007-10-13,Fora,Salgados,3,0,3-0,V
1939/1940,Algarve 1ª 07/08,J3,2007-10-20,Fora,Serrano FC,1,0,1-0,V
1939/1940,Algarve 1ª 07/08,J5,2007-11-10,Fora,Padernense Clube,2,0,2-0,V
1939/1940,Algarve 1ª 07/08,J7,2007-11-24,Fora,Aljezurense,2,0,2-0,V
1939/1940,Algarve 1ª 07/08,J9,2007-12-08,Fora,Faro e Benfica,5,2,5-2,V
1939/1940,Algarve 1ª 07/08,J11,2007-12-15,Fora,Esp. Lagos,2,0,2-0,V
1939/1940,Algarve 1ª 07/08,J13,2008-01-12,Fora,Salir,4,0,4-0,V
1939/1940,Algarve 1ª 07/08,J15,2008-01-26,Fora,ACR Alvorense,3,2,3-2,V
1939/1940,Algarve 1ª 07/08,J16,2008-02-02,Fora,Armacenenses,0,1,0-1,D
1939/1940,Algarve 1ª 07/08,J19,2008-02-23,Fora,Sambrasense,3,3,3-3,E
1939/1940,Algarve 1ª 07/08,J21,2008-03-08,Fora,Lusitano VRSA,1,0,1-0,V
1939/1940,Algarve 1ª 07/08,J23,2008-03-29,Fora,Castromarinense,0,1,0-1,D
1939/1940,Algarve 1ª 07/08,J25,2008-04-12,Fora,Culatrense,3,2,3-2,V
1939/1940,Algarve 1ª 07/08,J27,2008-05-03,Fora,Machados,1,0,1-0,V
1939/1940,Algarve 1ª 07/08,J29,2008-05-17,Fora,Guia,1,1,1-1,E
1939/1940,III Série F 08/09,J1,2009-04-05,Fora,Pescadores,0,0,0-0,E
1939/1940,III Série F 08/09,J2,2008-09-07,Fora,Castrense,1,0,1-0,V
1939/1940,III Série F 08/09,J3,2009-04-19,Fora,Juventude Évora,2,0,2-0,V
1939/1940,III Série F 08/09,J4,2008-09-28,Fora,Barreirense,2,1,2-1,V
1939/1940,III Série F 08/09,J4,2009-04-26,Fora,Louletano,0,0,0-0,E
1939/1940,III Série F 08/09,J5,2008-10-12,Fora,Messinense 0-1 V J6 2008 -10-05 15:00 Casa Juventude Évora,2,1,2-1,V
1939/1940,III Série F 08/09,J7,2009-05-17,Fora,CD Cova Piedade,1,1,1-1,E
1939/1940,III Série F 08/09,J8,2008-11-02,Fora,Pescadores,2,3,2-3,D
1939/1940,III Série F 08/09,J10,2008-11-23,Fora,CD Cova Piedade,0,0,0-0,E
1939/1940,III Série F 08/09,J10,2009-06-07,Fora,At. Reguengos,1,6,1-6,D
1939/1940,III Série F 08/09,J12,2008-12-07,Fora,Lusit. Évora,0,2,0-2,D
1939/1940,III Série F 08/09,J14,2008-12-21,Fora,Juventude Campinense,3,1,3-1,V
1939/1940,III Série F 08/09,J16,2009-01-11,Fora,At. Reguengos,2,2,2-2,E
1939/1940,III Série F 08/09,J18,2009-01-25,Fora,Juventude Évora,1,3,1-3,D
1939/1940,III Série F 08/09,J20,2009-02-08,Fora,Louletano,2,2,2-2,E
1939/1940,III Série F 08/09,J22,2009-02-22,Fora,Quarteirense,2,0,2-0,V
1939/1940,III Série F 08/09,J24,2009-03-08,Fora,Fabril Barreiro,1,4,1-4,D
1939/1940,III Série F 08/09,J26,2009-03-22,Fora,Silves,2,0,2-0,V
1939/1940,III Série F 09/10,J2,2009-09-20,Fora,Fabril Barreiro,1,1,1-1,E
1939/1940,III Série F 09/10,J2,2010-04-03,Fora,Juventude Évora,0,1,0-1,D
1939/1940,III Série F 09/10,J4,2009-10-11,Fora,Pescadores,0,1,0-1,D
1939/1940,III Série F 09/10,J5,2010-04-25,Fora,CD Cova Piedade,1,2,1-2,D
1939/1940,III Série F 09/10,J6,2009-11-01,Fora,Moura,3,1,3-1,V
1939/1940,III Série F 09/10,J6,2010-05-02,Fora,Esp. Lagos,3,2,3-2,V
1939/1940,III Série F 09/10,J7,2009-11-15,Fora,Esp. Lagos 0-1 V J8 2009 -11-08 15:00 Casa Grupo União Sport,1,2,1-2,D
1939/1940,III Série F 09/10,J8,2010-05-15,Fora,Pescadores,0,0,0-0,E
1939/1940,III Série F 09/10,J9,2009-12-06,Fora,CD Cova Piedade,1,1,1-1,E
1939/1940,III Série F 09/10,J9,2010-05-23,Fora,Beira -Mar M.Gordo,1,1,1-1,E
1939/1940,III Série F 09/10,J11,2009-12-20,Fora,Beira -Mar M.Gordo,1,2,1-2,D
1939/1940,III Série F 09/10,J12,2010-01-03,Fora,Castrense,2,1,2-1,V
1939/1940,III Série F 09/10,J14,2010-01-17,Fora,Quarteirense,0,0,0-0,E
1939/1940,III Série F 09/10,J16,2010-01-31,Fora,Juventude Évora,2,1,2-1,V
1939/1940,III Série F 09/10,J18,2010-02-14,Fora,Grupo União Sport,1,1,1-1,E
1939/1940,III Série F 09/10,J21,2010-03-07,Fora,Lusit. Évora,2,2,2-2,E
1939/1940,Taça Portugal 09/10,2E,2009-09-13,Fora,Alcains,0,3,0-3,D
1939/1940,II Série Sul 10/11,J2,2010-09-26,Fora,Madalena,0,2,0-2,D
1939/1940,II Série Sul 10/11,J4,2010-10-10,Fora,Juventude Évora,0,2,0-2,D
1939/1940,II Série Sul 10/11,J6,2010-10-31,Fora,Torreense,1,1,1-1,E
1939/1940,II Série Sul 10/11,J7,2010-11-07,Fora,SC Praiense,0,0,0-0,E
1939/1940,II Série Sul 10/11,J9,2010-11-28,Fora,GD Lagoa,0,1,0-1,D
1939/1940,II Série Sul 10/11,J11,2010-12-08,Fora,Carregado,2,2,2-2,E
1939/1940,II Série Sul 10/11,J13,2010-12-19,Fora,Casa Pia AC,1,1,1-1,E
1939/1940,II Série Sul 10/11,J15,2011-01-16,Fora,At. Reguengos,1,3,1-3,D
1939/1940,II Série Sul 10/11,J16,2011-01-22,Fora,Louletano,1,1,1-1,E
1939/1940,II Série Sul 10/11,J18,2011-02-06,Fora,Real SC,1,1,1-1,E
1939/1940,II Série Sul 10/11,J20,2011-02-20,Fora,Oriental,2,0,2-0,V
1939/1940,II Série Sul 10/11,J23,2011-03-13,Fora,Operário Lagoa,1,0,1-0,V
1939/1940,II Série Sul 10/11,J25,2011-03-27,Fora,Pinhalnovense,0,0,0-0,E
1939/1940,II Série Sul 10/11,J27,2011-04-10,Fora,Atlético CP,2,4,2-4,D
1939/1940,II Série Sul 10/11,J29,2011-04-23,Fora,CD Mafra,0,6,0-6,D
1939/1940,Taça Portugal 10/11,2E,2010-09-19,Fora,União da Serra,1,1,1-1,E
1939/1940,Taça Portugal 10/11,3E,2010-10-17,Fora,Merelinense,1,2,1-2,D
1939/1940,III Série F 11/12,J1,2012-03-25,Fora,Messinense,4,0,4-0,V
1939/1940,III Série F 11/12,J2,2011-09-18,Fora,Esp. Lagos,3,2,3-2,V
1939/1940,III Série F 11/12,J3,2012-04-07,Fora,Sesimbra,0,2,0-2,D
1939/1940,III Série F 11/12,J4,2011-10-02,Fora,Sesimbra,2,2,2-2,E
1939/1940,III Série F 11/12,J5,2012-04-22,Fora,Aljustrelense,2,2,2-2,E
1939/1940,III Série F 11/12,J6,2011-10-23,Fora,GD Lagoa,0,0,0-0,E
1939/1940,III Série F 11/12,J7,2012-05-06,Fora,Esp. Lagos,2,1,2-1,V
1939/1940,III Série F 11/12,J8,2011-11-06,Fora,Messinense,4,1,4-1,V
1939/1940,III Série F 11/12,J9,2011-11-13,Fora,Fabril Barreiro,3,0,3-0,V
1939/1940,III Série F 11/12,J9,2012-05-19,Fora,Quarteirense,1,1,1-1,E
1939/1940,III Série F 11/12,J11,2011-12-11,Fora,Pescadores,3,1,3-1,V
1939/1940,III Série F 11/12,J12,2011-12-18,Fora,Quarteirense,2,0,2-0,V
1939/1940,III Série F 11/12,J14,2012-01-15,Fora,Despertar SC,1,0,1-0,V
1939/1940,III Série F 11/12,J16,2012-01-29,Fora,Aljustrelense,2,2,2-2,E
1939/1940,III Série F 11/12,J18,2012-02-12,Fora,Redondense,2,0,2-0,V
1939/1940,III Série F 11/12,J21,2012-03-04,Fora,Grupo União Sport,2,1,2-1,V
1939/1940,Taça Portugal 11/12,1E,2011-08-28,Fora,Caldas SC,0,3,0-3,D
1939/1940,II Divisão Fase Final 12/13,J2,2013-05-11,Fora,GD Chaves,2,2,2-2,E
1939/1940,II Zona Sul 12/13,J2,2012-09-23,Fora,Pinhalnovense,2,1,2-1,V
1939/1940,II Zona Sul 12/13,J4,2012-10-07,Fora,Torreense,1,0,1-0,V
1939/1940,II Zona Sul 12/13,J5,2012-10-14,Fora,Oriental,2,0,2-0,V
1939/1940,II Zona Sul 12/13,J7,2012-11-04,Fora,Carregado,2,1,2-1,V
1939/1940,II Zona Sul 12/13,J9,2012-11-25,Fora,CD Mafra,1,1,1-1,E
1939/1940,II Zona Sul 12/13,J11,2012-12-16,Fora,Sertanense,2,1,2-1,V
1939/1940,II Zona Sul 12/13,J13,2012-12-02,Fora,Casa Pia AC,0,1,0-1,D
1939/1940,II Zona Sul 12/13,J15,2013-01-13,Fora,UD Leiria,0,1,0-1,D
1939/1940,II Zona Sul 12/13,J16,2013-01-20,Fora,Fut. Benfica,1,0,1-0,V
1939/1940,II Zona Sul 12/13,J18,2013-02-03,Fora,Oeiras,0,0,0-0,E
1939/1940,II Zona Sul 12/13,J21,2013-02-24,Fora,Quarteirense,0,0,0-0,E
1939/1940,II Zona Sul 12/13,J23,2013-03-10,Fora,1º Dezembro,0,2,0-2,D
1939/1940,II Zona Sul 12/13,J25,2013-03-24,Fora,CD Fátima,2,1,2-1,V
1939/1940,II Zona Sul 12/13,J27,2013-04-07,Fora,Louletano,1,0,1-0,V
1939/1940,II Zona Sul 12/13,J29,2013-04-21,Fora,Ribeira Brava,2,1,2-1,V
1939/1940,Taça Portugal 12/13,2E,2012-09-16,Fora,Quarteirense,3,2,3-2,V
1939/1940,Taça Portugal 12/13,3E,2012-10-21,Fora,At. Reguengos,1,0,1-0,V
1939/1940,Liga2 Cabovisão 13/14,J9,2013-10-02,Fora,Marítimo B,0,1,0-1,D
1939/1940,Liga2 Cabovisão 13/14,J11,2013-10-23,Fora,União Madeira,0,0,0-0,E
1939/1940,Liga2 Cabovisão 13/14,J13,2013-11-03,Fora,GD Chaves,1,1,1-1,E
1939/1940,Liga2 Cabovisão 13/14,J15,2013-11-10,Fora,Feirense,1,0,1-0,V
1939/1940,Liga2 Cabovisão 13/14,J16,2013-11-24,Fora,FC Porto B,1,1,1-1,E
1939/1940,Liga2 Cabovisão 13/14,J18,2013-12-01,Fora,Atlético CP,2,0,2-0,V
1939/1940,Liga2 Cabovisão 13/14,J20,2013-12-11,Fora,Trofense,0,1,0-1,D
1939/1940,Liga2 Cabovisão 13/14,J23,2014-01-08,Fora,FC Penafiel,1,3,1-3,D
1939/1940,Liga2 Cabovisão 13/14,J25,2014-01-18,Fora,CD Aves,0,2,0-2,D
1939/1940,Liga2 Cabovisão 13/14,J27,2014-01-29,Fora,Académico de Viseu,0,3,0-3,D
1939/1940,Liga2 Cabovisão 13/14,J29,2014-02-10,Fora,SC Braga B,0,3,0-3,D
1939/1940,Liga2 Cabovisão 13/14,J31,2014-02-23,Fora,CD Tondela,0,0,0-0,E
1939/1940,Liga2 Cabovisão 13/14,J33,2014-03-09,Fora,SC Covilhã,1,0,1-0,V
1939/1940,Liga2 Cabovisão 13/14,J35,2014-03-23,Fora,UD Oliveirense,0,2,0-2,D
1939/1940,Liga2 Cabovisão 13/14,J38,2014-04-13,Fora,Sporting B,3,3,3-3,E
1939/1940,Liga2 Cabovisão 13/14,J39,2014-04-26,Fora,Benfica B 0-2 V J40 2014 -04-19 16:00 Casa Atlético CP,1,1,1-1,E
1939/1940,Liga2 Cabovisão 13/14,J42,2014-05-11,Fora,Beira -Mar,1,2,1-2,D
1939/1940,Taça da Liga 2013/14,1E,2013-10-30,Fora,Marítimo,0,0,0-0,E
1939/1940,Taça Portugal 13/14,3E,2013-10-20,Fora,Feirense,2,2,2-2,E
1939/1940,Segunda Liga 14/15,J9,2014-10-01,Fora,Olhanense,3,1,3-1,V
1939/1940,Segunda Liga 14/15,J11,2014-10-19,Fora,Benfica B,0,2,0-2,D
1939/1940,Segunda Liga 14/15,J13,2014-11-02,Fora,Freamunde,0,0,0-0,E
1939/1940,Segunda Liga 14/15,J15,2014-11-09,Fora,Atlético CP,1,1,1-1,E
1939/1940,Segunda Liga 14/15,J17,2014-11-23,Fora,CD Tondela,0,1,0-1,D
1939/1940,Segunda Liga 14/15,J19,2014-12-14,Fora,Académico de Viseu,0,1,0-1,D
1939/1940,Segunda Liga 14/15,J21,2015-01-04,Fora,UD Oliveirense,2,2,2-2,E
1939/1940,Segunda Liga 14/15,J23,2015-01-18,Fora,Feirense,1,1,1-1,E
1939/1940,Segunda Liga 14/15,J24,2015-01-25,Fora,Sporting B,3,5,3-5,D
1939/1940,Segunda Liga 14/15,J26,2015-02-08,Fora,Santa Clara,1,1,1-1,E
1939/1940,Segunda Liga 14/15,J28,2015-02-18,Fora,SC Braga B,0,0,0-0,E
1939/1940,Segunda Liga 14/15,J29,2015-02-22,Fora,FC Porto B,1,2,1-2,D
1939/1940,Segunda Liga 14/15,J31,2015-03-01,Fora,Portimonense,1,1,1-1,E
1939/1940,Segunda Liga 14/15,J33,2015-03-11,Fora,Vitória SC B,0,2,0-2,D
1939/1940,Segunda Liga 14/15,J35,2015-03-29,Fora,GD Chaves,0,1,0-1,D
1939/1940,Segunda Liga 14/15,J37,2015-04-04,Fora,CD Aves,0,2,0-2,D
1939/1940,Segunda Liga 14/15,J39,2015-04-15,Fora,Trofense,1,0,1-0,V
1939/1940,Segunda Liga 14/15,J41,2015-04-26,Fora,Marítimo B,1,0,1-0,V
1939/1940,Segunda Liga 14/15,J43,2015-05-06,Fora,Leixões,3,1,3-1,V
1939/1940,Segunda Liga 14/15,J45,2015-05-17,Fora,SC Covilhã,0,1,0-1,D
1939/1940,Taça Portugal 14/15,2E,2014-09-28,Fora,Oriental,2,3,2-3,D
1939/1940,Ledman LigaPro 15/16,J10,2015-10-03,Fora,Oriental,3,1,3-1,V
1939/1940,Ledman LigaPro 15/16,J12,2015-10-25,Fora,FC Famalicão,1,2,1-2,D
1939/1940,Ledman LigaPro 15/16,J14,2015-11-14,Fora,Leixões,1,1,1-1,E
1939/1940,Ledman LigaPro 15/16,J16,2015-11-25,Fora,FC Penafiel,0,0,0-0,E
1939/1940,Ledman LigaPro 15/16,J18,2015-12-02,Fora,FC Porto B,3,4,3-4,D
1939/1940,Ledman LigaPro 15/16,J20,2015-12-09,Fora,Atlético CP,1,0,1-0,V
1939/1940,Ledman LigaPro 15/16,J22,2015-12-20,Fora,CD Aves,0,2,0-2,D
1939/1940,Ledman LigaPro 15/16,J25,2016-01-17,Fora,UD Oliveirense,1,3,1-3,D
1939/1940,Ledman LigaPro 15/16,J27,2016-01-31,Fora,Feirense,0,1,0-1,D
1939/1940,Ledman LigaPro 15/16,J30,2016-02-17,Fora,SC Braga B,1,2,1-2,D
1939/1940,Ledman LigaPro 15/16,J32,2016-02-27,Fora,Portimonense,0,1,0-1,D
1939/1940,Ledman LigaPro 15/16,J34,2016-03-09,Fora,Freamunde,0,3,0-3,D
1939/1940,Ledman LigaPro 15/16,J38,2016-04-03,Fora,Vitória SC B,1,2,1-2,D
1939/1940,Ledman LigaPro 15/16,J40,2016-04-10,Fora,Varzim,2,2,2-2,E
1939/1940,Ledman LigaPro 15/16,J42,2016-04-17,Fora,Olhanense,0,1,0-1,D
1939/1940,Ledman LigaPro 15/16,J46,2016-05-14,Fora,Gil Vicente,3,2,3-2,V
1939/1940,Camp. Portugal Prio Subida Z. Sul 16/17,J2,2017-02-19,Fora,Operário Lagoa,1,1,1-1,E
1939/1940,Camp. Portugal Prio Subida Z. Sul 16/17,J4,2017-03-05,Fora,CD Fátima,2,0,2-0,V
1939/1940,Camp. Portugal Prio Subida Z. Sul 16/17,J5,2017-03-12,Fora,Real SC,0,1,0-1,D
1939/1940,Camp. Portugal Prio Subida Z. Sul 16/17,J10,2017-04-15,Fora,Torreense,1,1,1-1,E
1939/1940,Camp. Portugal Prio Subida Z. Sul 16/17,J13,2017-05-07,Fora,Sacavenense,1,2,1-2,D
1939/1940,Campeonato de Portugal SH 2016/17,J2,2016-08-28,Fora,Pinhalnovense,0,1,0-1,D
1939/1940,Campeonato de Portugal SH 2016/17,J3,2016-09-11,Fora,Sp. Viana,4,1,4-1,V
1939/1940,Campeonato de Portugal SH 2016/17,J5,2016-10-02,Fora,Moura,0,0,0-0,E
1939/1940,Campeonato de Portugal SH 2016/17,J7,2016-10-23,Fora,Lusitano VRSA,3,0,3-0,V
1939/1940,Campeonato de Portugal SH 2016/17,J9,2016-11-06,Fora,Aljustrelense,1,0,1-0,V
1939/1940,Campeonato de Portugal SH 2016/17,J10,2016-11-13,Fora,Armacenenses,2,0,2-0,V
1939/1940,Campeonato de Portugal SH 2016/17,J13,2016-12-11,Fora,Louletano,1,1,1-1,E
1939/1940,Campeonato de Portugal SH 2016/17,J15,2017-01-08,Fora,Fabril Barreiro,2,0,2-0,V
1939/1940,Campeonato de Portugal SH 2016/17,J17,2017-01-22,Fora,Almancilense,6,1,6-1,V
1939/1940,Taça Portugal 16/17,1E,2016-09-04,Fora,Lusit. Évora,2,0,2-0,V
1939/1940,Taça Portugal 16/17,2E,2016-09-25,Fora,Angrense,2,0,2-0,V
1939/1940,Taça Portugal 16/17,3E,2016-10-16,Fora,SC Praiense,1,3,1-3,D
1939/1940,Camp. Nac. Seniores F.Final 17/18,QF,2018-05-06,Fora,FC Felgueiras 1932,3,2,3-2,V
1939/1940,Camp. Nac. Seniores F.Final 17/18,MF,2018-05-27,Fora,Vilafranquense,1,1,1-1,E
1939/1940,Camp. Nac. Seniores F.Final 17/18,F,2018-06-10,Fora,CD Mafra,2,1,2-1,V
1939/1940,Campeonato de Portugal SE 2017/18,J3,2017-09-10,Fora,Pinhalnovense,1,0,1-0,V
1939/1940,Campeonato de Portugal SE 2017/18,J5,2017-09-30,Fora,Estrela FC,2,0,2-0,V
1939/1940,Campeonato de Portugal SE 2017/18,J7,2017-10-22,Fora,Lusitano VRSA,3,0,3-0,V
1939/1940,Campeonato de Portugal SE 2017/18,J9,2017-11-05,Fora,Castrense,1,0,1-0,V
1939/1940,Campeonato de Portugal SE 2017/18,J12,2017-12-03,Fora,Olímpico Montijo,0,0,0-0,E
1939/1940,Campeonato de Portugal SE 2017/18,J14,2017-12-17,Fora,Louletano,1,0,1-0,V
1939/1940,Campeonato de Portugal SE 2017/18,J17,2018-01-21,Fora,Moncarapachense,3,1,3-1,V
1939/1940,Campeonato de Portugal SE 2017/18,J19,2018-02-04,Fora,Casa Pia AC,1,0,1-0,V
1939/1940,Campeonato de Portugal SE 2017/18,J21,2018-02-18,Fora,SC Ideal,2,0,2-0,V
1939/1940,Campeonato de Portugal SE 2017/18,J23,2018-03-04,Fora,Oriental,3,0,3-0,V
1939/1940,Campeonato de Portugal SE 2017/18,J25,2018-03-18,Fora,Olhanense,2,1,2-1,V
1939/1940,Campeonato de Portugal SE 2017/18,J26,2018-03-25,Fora,Armacenenses,1,1,1-1,E
1939/1940,Campeonato de Portugal SE 2017/18,J28,2018-04-08,Fora,Almancilense,2,0,2-0,V
1939/1940,Taça Portugal 17/18,2E,2017-09-24,Fora,Amora FC,3,2,3-2,V
1939/1940,Taça Portugal 17/18,1/8,2017-12-13,Fora,SC Praiense,1,0,1-0,V
1939/1940,Taça Portugal 17/18,QF,2018-01-10,Fora,Caldas SC,2,3,2-3,D
1939/1940,Ledman LigaPro 18/19,J2,2018-08-18,Fora,FC Porto B,3,1,3-1,V
1939/1940,Ledman LigaPro 18/19,J4,2018-09-02,Fora,Leixões,1,2,1-2,D
1939/1940,Ledman LigaPro 18/19,J6,2018-10-06,Fora,Paços de Ferreira,0,1,0-1,D
1939/1940,Ledman LigaPro 18/19,J8,2018-11-04,Fora,Varzim,1,1,1-1,E
1939/1940,Ledman LigaPro 18/19,J10,2018-12-02,Fora,SC Covilhã,1,1,1-1,E
1939/1940,Ledman LigaPro 18/19,J12,2018-12-16,Fora,Estoril Praia,0,1,0-1,D
1939/1940,Ledman LigaPro 18/19,J13,2018-12-23,Fora,FC Penafiel,3,2,3-2,V
1939/1940,Ledman LigaPro 18/19,J15,2019-01-06,Fora,FC Arouca,3,3,3-3,E
1939/1940,Ledman LigaPro 18/19,J17,2019-01-13,Fora,Académico de Viseu,1,2,1-2,D
1939/1940,Ledman LigaPro 18/19,J18,2019-01-19,Fora,FC Famalicão,0,0,0-0,E
1939/1940,Ledman LigaPro 18/19,J20,2019-02-03,Fora,SC Braga B,0,1,0-1,D
1939/1940,Ledman LigaPro 18/19,J22,2019-02-17,Fora,Académica OAF,0,1,0-1,D
1939/1940,Ledman LigaPro 18/19,J24,2019-03-03,Fora,CD Cova Piedade,0,1,0-1,D
1939/1940,Ledman LigaPro 18/19,J25,2019-03-17,Fora,Vitória SC B 1-0 D J26 2019 -03-10 15:00 Casa Varzim,0,3,0-3,D
1939/1940,Ledman LigaPro 18/19,J28,2019-04-05,Fora,Benfica B,1,3,1-3,D
1939/1940,Ledman LigaPro 18/19,J31,2019-04-26,Fora,UD Oliveirense,1,2,1-2,D
1939/1940,Ledman LigaPro 18/19,J33,2019-05-12,Fora,CD Mafra,1,0,1-0,V
1939/1940,Taça Portugal 18/19,2E,2018-09-30,Fora,Portalegrense,3,0,3-0,V
1939/1940,LigaPro 19/20,J2,2019-08-18,Fora,Estoril Praia,2,1,2-1,V
1939/1940,LigaPro 19/20,J4,2019-09-01,Fora,UD Oliveirense,1,0,1-0,V
1939/1940,LigaPro 19/20,J6,2019-09-21,Fora,Académico de Viseu,0,1,0-1,D
1939/1940,LigaPro 19/20,J8,2019-10-13,Fora,CD Cova Piedade,2,0,2-0,V
1939/1940,LigaPro 19/20,J10,2019-11-09,Fora,Académica OAF,2,1,2-1,V
1939/1940,LigaPro 19/20,J12,2019-12-07,Fora,Nacional,0,1,0-1,D
1939/1940,LigaPro 19/20,J14,2019-11-16,Fora,Varzim,3,1,3-1,V
1939/1940,LigaPro 19/20,J16,2020-01-12,Fora,FC Penafiel,0,3,0-3,D
1939/1940,LigaPro 19/20,J18,2020-01-26,Fora,Casa Pia AC,2,0,2-0,V
1939/1940,LigaPro 19/20,J20,2020-02-09,Fora,FC Porto B,1,1,1-1,E
1939/1940,LigaPro 19/20,J21,2020-02-21,Fora,Vilafranquense 0-3 V J22 2020 -02-16 17:15 Casa UD Oliveirense,1,3,1-3,D
1939/1940,LigaPro 19/20,J24,2020-03-09,Fora,Leixões,1,1,1-1,E
1939/1940,Taça Portugal 19/20,2E,2019-09-29,Fora,U. Santarém,2,1,2-1,V
1939/1940,Taça Portugal 19/20,4E,2019-11-23,Fora,Sertanense,1,2,1-2,D
1939/1940,Liga NOS 20/21,J1,2020-09-20,Fora,Moreirense,0,2,0-2,D
1939/1940,Liga NOS 20/21,J3,2020-10-04,Fora,Benfica,2,3,2-3,D
1939/1940,Liga NOS 20/21,J6,2020-10-31,Fora,B SAD,1,1,1-1,E
1939/1940,Liga NOS 20/21,J8,2020-11-29,Fora,SC Braga,0,1,0-1,D
1939/1940,Liga NOS 20/21,J10,2020-12-19,Fora,Sporting,0,1,0-1,D
1939/1940,Liga NOS 20/21,J12,2021-01-04,Fora,Portimonense,0,2,0-2,D
1939/1940,Liga NOS 20/21,J14,2021-02-17,Fora,Vitória SC,2,2,2-2,E
1939/1940,Liga NOS 20/21,J16,2021-01-30,Fora,CD Tondela,0,2,0-2,D
1939/1940,Liga NOS 20/21,J19,2021-02-13,Fora,Nacional,3,2,3-2,V
1939/1940,Liga NOS 20/21,J21,2021-02-27,Fora,FC Famalicão,0,0,0-0,E
1939/1940,Liga NOS 20/21,J22,2021-03-07,Fora,Rio Ave,0,2,0-2,D
1939/1940,Liga NOS 20/21,J23,2021-03-21,Fora,Boavista 0-1 V J24 2021 -03-13 15:30 Casa B SAD,1,0,1-0,V
1939/1940,Liga NOS 20/21,J26,2021-04-10,Fora,Marítimo,0,1,0-1,D
1939/1940,Liga NOS 20/21,J28,2021-04-20,Fora,Paços de Ferreira,2,0,2-0,V
1939/1940,Liga NOS 20/21,J30,2021-05-01,Fora,Gil Vicente,0,0,0-0,E
1939/1940,Liga NOS 20/21,J32,2021-05-10,Fora,FC Porto,1,5,1-5,D
1939/1940,Liga NOS 20/21,J34,2021-05-19,Fora,Santa Clara,0,4,0-4,D
1939/1940,Taça Portugal 20/21,3E,2020-12-03,Fora,Est. Amadora,0,2,0-2,D
1939/1940,Liga 2 SABSEG 21/22,J1,2021-08-10,Fora,Leixões,1,3,1-3,D
1939/1940,Liga 2 SABSEG 21/22,J3,2021-08-21,Fora,Est. Amadora,1,3,1-3,D
1939/1940,Liga 2 SABSEG 21/22,J5,2021-09-13,Fora,Académico de Viseu,2,2,2-2,E
1939/1940,Liga 2 SABSEG 21/22,J7,2021-10-03,Fora,Vilafranquense,2,2,2-2,E
1939/1940,Liga 2 SABSEG 21/22,J9,2021-10-23,Fora,FC Porto B,0,0,0-0,E
1939/1940,Liga 2 SABSEG 21/22,J11,2021-11-07,Fora,SC Covilhã,0,0,0-0,E
1939/1940,Liga 2 SABSEG 21/22,J13,2021-12-05,Fora,CD Mafra,2,0,2-0,V
1939/1940,Liga 2 SABSEG 21/22,J16,2022-02-17,Fora,Varzim,1,0,1-0,V
1939/1940,Liga 2 SABSEG 21/22,J19,2022-01-23,Fora,Rio Ave,1,2,1-2,D
1939/1940,Liga 2 SABSEG 21/22,J21,2022-02-08,Fora,Feirense,1,4,1-4,D
1939/1940,Liga 2 SABSEG 21/22,J23,2022-02-21,Fora,Benfica B,0,3,0-3,D
1939/1940,Liga 2 SABSEG 21/22,J25,2022-03-06,Fora,Trofense,1,1,1-1,E
1939/1940,Liga 2 SABSEG 21/22,J27,2022-03-19,Fora,FC Penafiel,3,1,3-1,V
1939/1940,Liga 2 SABSEG 21/22,J29,2022-04-09,Fora,Casa Pia AC,0,1,0-1,D
1939/1940,Liga 2 SABSEG 21/22,J31,2022-04-24,Fora,Nacional,2,3,2-3,D
1939/1940,Liga 2 SABSEG 21/22,J34,2022-05-14,Fora,Académica OAF,0,0,0-0,E
1939/1940,Taça Portugal 21/22,2E,2021-09-25,Fora,São Roque (Açores),3,0,3-0,V
1939/1940,Taça Portugal 21/22,3E,2021-10-17,Fora,CD Cinfães,4,0,4-0,V
1939/1940,Taça Portugal 21/22,4E,2021-11-19,Fora,Casa Pia AC,1,3,1-3,D
1939/1940,Liga Portugal SABSEG 22/23,J2,2022-08-13,Fora,Est. Amadora,1,1,1-1,E
1939/1940,Liga Portugal SABSEG 22/23,J4,2022-08-29,Fora,CD Mafra,3,0,3-0,V
1939/1940,Liga Portugal SABSEG 22/23,J6,2022-09-11,Fora,Leixões,1,0,1-0,V
1939/1940,Liga Portugal SABSEG 22/23,J8,2022-10-07,Fora,B SAD,3,2,3-2,V
1939/1940,Liga Portugal SABSEG 22/23,J10,2022-10-23,Fora,Moreirense,2,3,2-3,D
1939/1940,Liga Portugal SABSEG 22/23,J12,2022-11-05,Fora,FC Penafiel,2,0,2-0,V
1939/1940,Liga Portugal SABSEG 22/23,J14,2022-12-28,Fora,FC Porto B,0,4,0-4,D
1939/1940,Liga Portugal SABSEG 22/23,J20,2023-02-12,Fora,Académico de Viseu,0,2,0-2,D
1939/1940,Liga Portugal SABSEG 22/23,J22,2023-02-26,Fora,SC Covilhã,0,1,0-1,D
1939/1940,Liga Portugal SABSEG 22/23,J24,2023-03-11,Fora,Vilafranquense,1,1,1-1,E
1939/1940,Liga Portugal SABSEG 22/23,J26,2023-04-01,Fora,Trofense,1,2,1-2,D
1939/1940,Liga Portugal SABSEG 22/23,J28,2023-04-14,Fora,UD Oliveirense,2,1,2-1,V
1939/1940,Liga Portugal SABSEG 22/23,J30,2023-04-29,Fora,Feirense,2,1,2-1,V
1939/1940,Liga Portugal SABSEG 22/23,J32,2023-05-14,Fora,Nacional,1,0,1-0,V
1939/1940,Liga Portugal SABSEG 22/23,J33,2023-05-19,Fora,Benfica B,1,0,1-0,V
1939/1940,Allianz Cup 2022/23,B,2022-11-30,Fora,Sporting,0,6,0-6,D
1939/1940,Allianz Cup 2022/23,B,2022-12-13,Fora,Rio Ave,1,2,1-2,D
1939/1940,Taça Portugal 22/23,2E,2022-10-01,Fora,Benf. Castelo Branco,1,0,1-0,V
1939/1940,Taça Portugal 22/23,3E,2022-10-15,Fora,Imortal DC,3,0,3-0,V
1939/1940,Taça Portugal 22/23,4E,2022-11-09,Fora,Leixões,1,3,1-3,D
1939/1940,Liga Portugal Betclic 23/24,J2,2023-08-20,Fora,FC Porto,1,2,1-2,D
1939/1940,Liga Portugal Betclic 23/24,J4,2023-09-02,Fora,FC Famalicão,0,1,0-1,D
1939/1940,Liga Portugal Betclic 23/24,J6,2023-09-23,Fora,Moreirense,0,1,0-1,D
1939/1940,Liga Portugal Betclic 23/24,J9,2023-10-29,Fora,Rio Ave,4,3,4-3,V
1939/1940,Liga Portugal Betclic 23/24,J11,2023-11-12,Fora,Boavista,3,1,3-1,V
1939/1940,Liga Portugal Betclic 23/24,J13,2023-12-08,Fora,Benfica,1,1,1-1,E
1939/1940,Liga Portugal Betclic 23/24,J15,2023-12-30,Fora,Estoril Praia,0,4,0-4,D
1939/1940,Liga Portugal Betclic 23/24,J17,2024-01-12,Fora,Portimonense,0,1,0-1,D
1939/1940,Liga Portugal Betclic 23/24,J18,2024-01-20,Fora,Casa Pia AC,3,1,3-1,V
1939/1940,Liga Portugal Betclic 23/24,J22,2024-02-18,Fora,SC Braga,1,2,1-2,D
1939/1940,Liga Portugal Betclic 23/24,J24,2024-03-03,Fora,Sporting,2,3,2-3,D
1939/1940,Liga Portugal Betclic 23/24,J25,2024-03-09,Fora,FC Vizela,1,2,1-2,D
1939/1940,Liga Portugal Betclic 23/24,J27,2024-03-30,Fora,FC Arouca,1,2,1-2,D
1939/1940,Liga Portugal Betclic 23/24,J29,2024-04-13,Fora,Vitória SC,1,1,1-1,E
1939/1940,Liga Portugal Betclic 23/24,J31,2024-04-29,Fora,Est. Amadora,3,0,3-0,V
1939/1940,Liga Portugal Betclic 23/24,J33,2024-05-12,Fora,Gil Vicente,0,2,0-2,D
1939/1940,Allianz Cup 2023/24,1E,2023-07-23,Fora,Moreirense,1,1,1-1,E
1939/1940,Allianz Cup 2023/24,C,2023-11-02,Fora,Sporting,2,4,2-4,D
1939/1940,Taça Portugal 23/24,3E,2023-10-22,Fora,Länk Vilaverdense,2,3,2-3,D
1939/1940,LP Betclic 24/25,J2,2024-08-17,Fora,Rio Ave,0,1,0-1,D
1939/1940,LP Betclic 24/25,J4,2024-09-01,Fora,Nacional,0,2,0-2,D
1939/1940,LP Betclic 24/25,J5,2024-09-15,Fora,FC Porto,1,2,1-2,D
1939/1940,LP Betclic 24/25,J7,2024-09-30,Fora,AFS,0,0,0-0,E
1939/1940,LP Betclic 24/25,J9,2024-10-27,Fora,SC Braga,0,2,0-2,D
1939/1940,LP Betclic 24/25,J11,2024-11-09,Fora,Casa Pia AC,1,1,1-1,E
1939/1940,LP Betclic 24/25,J13,2024-12-08,Fora,Boavista,1,1,1-1,E
1939/1940,LP Betclic 24/25,J15,2024-12-21,Fora,FC Famalicão,2,1,2-1,V
1939/1940,LP Betclic 24/25,J17,2025-01-05,Fora,Santa Clara,0,0,0-0,E
1939/1940,LP Betclic 24/25,J18,2025-01-19,Fora,Moreirense,0,0,0-0,E
1939/1940,LP Betclic 24/25,J20,2025-02-02,Fora,Sporting,1,3,1-3,D
1939/1940,LP Betclic 24/25,J23,2025-02-23,Fora,FC Arouca,2,2,2-2,E
1939/1940,LP Betclic 24/25,J25,2025-03-08,Fora,Estoril Praia,2,2,2-2,E
1939/1940,LP Betclic 24/25,J27,2025-04-02,Fora,Benfica,2,3,2-3,D
1939/1940,LP Betclic 24/25,J29,2025-04-13,Fora,Est. Amadora,1,0,1-0,V
1939/1940,LP Betclic 24/25,J31,2025-04-26,Fora,Gil Vicente,0,1,0-1,D
1939/1940,LP Betclic 24/25,J33,2025-05-11,Fora,Vitória SC,2,1,2-1,V
1939/1940,Taça Portugal 24/25,3E,2024-10-20,Fora,AD Sanjoanense,4,2,4-2,V
1939/1940,Taça Portugal 24/25,4E,2024-11-23,Fora,FC Arouca,2,1,2-1,V
1939/1940,Liga Portugal 2 Meu Super 25/26,J1,2025-08-11,Fora,UD Oliveirense,1,1,1-1,E
1939/1940,Liga Portugal 2 Meu Super 25/26,J3,2025-08-24,Fora,FC Porto B,2,0,2-0,V
1939/1940,Liga Portugal 2 Meu Super 25/26,J5,2025-09-13,Fora,Leixões,2,0,2-0,V
1939/1940,Liga Portugal 2 Meu Super 25/26,J7,2025-10-04,Fora,Lusitnia de Lourosa,2,1,2-1,V
1939/1940,Taça Portugal 25/26,2E,2025-09-20,Fora,Vidago,2,0,2-0,V
1939/1940,Taça Portugal 25/26,3E,2025-10-18,Fora,AD Marco 09,3,0,3-0,V
